-- MySQL dump 10.13  Distrib 5.5.28, for osx10.8 (i386)
--
-- Host: localhost    Database: mysandbox_development
-- ------------------------------------------------------
-- Server version	5.5.28

/*!40101 SET @OLD_CHARACTER_SET_CLIENT=@@CHARACTER_SET_CLIENT */;
/*!40101 SET @OLD_CHARACTER_SET_RESULTS=@@CHARACTER_SET_RESULTS */;
/*!40101 SET @OLD_COLLATION_CONNECTION=@@COLLATION_CONNECTION */;
/*!40101 SET NAMES utf8 */;
/*!40103 SET @OLD_TIME_ZONE=@@TIME_ZONE */;
/*!40103 SET TIME_ZONE='+00:00' */;
/*!40014 SET @OLD_UNIQUE_CHECKS=@@UNIQUE_CHECKS, UNIQUE_CHECKS=0 */;
/*!40014 SET @OLD_FOREIGN_KEY_CHECKS=@@FOREIGN_KEY_CHECKS, FOREIGN_KEY_CHECKS=0 */;
/*!40101 SET @OLD_SQL_MODE=@@SQL_MODE, SQL_MODE='NO_AUTO_VALUE_ON_ZERO' */;
/*!40111 SET @OLD_SQL_NOTES=@@SQL_NOTES, SQL_NOTES=0 */;

--
-- Table structure for table `productiondetails`
--

DROP TABLE IF EXISTS `productiondetails`;
/*!40101 SET @saved_cs_client     = @@character_set_client */;
/*!40101 SET character_set_client = utf8 */;
CREATE TABLE `productiondetails` (
  `id` int(11) NOT NULL AUTO_INCREMENT,
  `productionreason_id` int(11) DEFAULT NULL,
  `time` int(11) DEFAULT NULL,
  `production_id` varchar(255) COLLATE utf8_unicode_ci DEFAULT NULL,
  `created_at` datetime NOT NULL,
  `updated_at` datetime NOT NULL,
  `remark` varchar(255) COLLATE utf8_unicode_ci DEFAULT NULL,
  PRIMARY KEY (`id`)
) ENGINE=InnoDB AUTO_INCREMENT=1080 DEFAULT CHARSET=utf8 COLLATE=utf8_unicode_ci;
/*!40101 SET character_set_client = @saved_cs_client */;

--
-- Dumping data for table `productiondetails`
--

LOCK TABLES `productiondetails` WRITE;
/*!40000 ALTER TABLE `productiondetails` DISABLE KEYS */;
INSERT INTO `productiondetails` VALUES (1,1,NULL,'136','2013-04-03 03:00:26','2013-04-03 03:00:26',NULL),(2,2,NULL,'136','2013-04-03 03:00:26','2013-04-03 03:00:26',NULL),(3,3,NULL,'136','2013-04-03 03:00:26','2013-04-03 03:00:26',NULL),(4,4,NULL,'136','2013-04-03 03:00:26','2013-04-03 03:00:26',NULL),(5,5,NULL,'136','2013-04-03 03:00:26','2013-04-03 03:00:26',NULL),(6,6,10,'136','2013-04-03 03:00:26','2013-04-03 03:00:26',NULL),(7,7,NULL,'136','2013-04-03 03:00:26','2013-04-03 03:00:26',NULL),(8,8,NULL,'136','2013-04-03 03:00:26','2013-04-03 03:00:26',NULL),(9,9,NULL,'136','2013-04-03 03:00:26','2013-04-03 03:00:26',NULL),(10,10,NULL,'136','2013-04-03 03:00:26','2013-04-03 03:00:26',NULL),(11,11,15,'136','2013-04-03 03:00:26','2013-04-03 03:00:26',NULL),(12,12,NULL,'136','2013-04-03 03:00:26','2013-04-03 03:00:26',NULL),(13,13,35,'136','2013-04-03 03:00:26','2013-04-03 03:00:26',NULL),(14,1,NULL,'137','2013-04-03 03:14:13','2013-04-03 03:14:13',NULL),(15,2,190,'137','2013-04-03 03:14:13','2013-04-03 03:14:13',NULL),(16,3,NULL,'137','2013-04-03 03:14:13','2013-04-03 03:14:13',NULL),(17,4,NULL,'137','2013-04-03 03:14:13','2013-04-03 03:14:13',NULL),(18,5,NULL,'137','2013-04-03 03:14:13','2013-04-03 03:14:13',NULL),(19,6,NULL,'137','2013-04-03 03:14:13','2013-04-03 03:14:13',NULL),(20,7,20,'137','2013-04-03 03:14:13','2013-04-03 03:14:13',NULL),(21,8,NULL,'137','2013-04-03 03:14:13','2013-04-03 03:14:13',NULL),(22,9,10,'137','2013-04-03 03:14:13','2013-04-03 03:14:13',NULL),(23,10,NULL,'137','2013-04-03 03:14:13','2013-04-03 03:14:13',NULL),(24,11,NULL,'137','2013-04-03 03:14:13','2013-04-03 03:14:13',NULL),(25,12,NULL,'137','2013-04-03 03:14:13','2013-04-03 03:14:13',NULL),(26,13,NULL,'137','2013-04-03 03:14:13','2013-04-03 03:14:13',NULL),(27,1,NULL,'135','2013-04-03 03:23:41','2013-04-03 03:23:41',NULL),(28,2,NULL,'135','2013-04-03 03:23:41','2013-04-03 03:23:41',NULL),(29,3,NULL,'135','2013-04-03 03:23:41','2013-04-03 03:23:41',NULL),(30,4,NULL,'135','2013-04-03 03:23:41','2013-04-03 03:23:41',NULL),(31,5,425,'135','2013-04-03 03:23:41','2013-04-03 03:23:41',NULL),(32,6,NULL,'135','2013-04-03 03:23:41','2013-04-03 03:23:41',NULL),(33,7,NULL,'135','2013-04-03 03:23:41','2013-04-03 03:23:41',NULL),(34,8,NULL,'135','2013-04-03 03:23:41','2013-04-03 03:23:41',NULL),(35,9,1,'135','2013-04-03 03:23:41','2013-04-03 03:23:41',NULL),(36,10,NULL,'135','2013-04-03 03:23:41','2013-04-03 03:23:41',NULL),(37,11,15,'135','2013-04-03 03:23:41','2013-04-03 03:23:41',NULL),(38,12,NULL,'135','2013-04-03 03:23:41','2013-04-03 03:23:41',NULL),(39,13,NULL,'135','2013-04-03 03:23:41','2013-04-03 03:23:41',NULL),(40,1,NULL,'134','2013-04-03 03:28:53','2013-04-03 03:28:53',NULL),(41,2,NULL,'134','2013-04-03 03:28:53','2013-04-03 03:28:53',NULL),(42,3,45,'134','2013-04-03 03:28:53','2013-04-03 03:28:53',NULL),(43,4,NULL,'134','2013-04-03 03:28:53','2013-04-03 03:28:53',NULL),(44,5,305,'134','2013-04-03 03:28:53','2013-04-03 03:28:53',NULL),(45,6,NULL,'134','2013-04-03 03:28:53','2013-04-03 03:28:53',NULL),(46,7,NULL,'134','2013-04-03 03:28:53','2013-04-03 03:28:53',NULL),(47,8,25,'134','2013-04-03 03:28:53','2013-04-03 03:28:53',NULL),(48,9,NULL,'134','2013-04-03 03:28:53','2013-04-03 03:28:53',NULL),(49,10,NULL,'134','2013-04-03 03:28:53','2013-04-03 03:28:53',NULL),(50,11,10,'134','2013-04-03 03:28:53','2013-04-03 03:28:53',NULL),(51,12,NULL,'134','2013-04-03 03:28:53','2013-04-03 03:28:53',NULL),(52,13,50,'134','2013-04-03 03:28:53','2013-04-03 03:28:53',NULL),(53,1,NULL,'133','2013-04-03 03:31:38','2013-04-03 03:31:38',NULL),(54,2,NULL,'133','2013-04-03 03:31:38','2013-04-03 03:31:38',NULL),(55,3,NULL,'133','2013-04-03 03:31:38','2013-04-03 03:31:38',NULL),(56,4,NULL,'133','2013-04-03 03:31:38','2013-04-03 03:31:38',NULL),(57,5,260,'133','2013-04-03 03:31:38','2013-04-03 03:31:38',NULL),(58,6,NULL,'133','2013-04-03 03:31:38','2013-04-03 03:31:38',NULL),(59,7,NULL,'133','2013-04-03 03:31:38','2013-04-03 03:31:38',NULL),(60,8,35,'133','2013-04-03 03:31:38','2013-04-03 03:31:38',NULL),(61,9,NULL,'133','2013-04-03 03:31:38','2013-04-03 03:31:38',NULL),(62,10,NULL,'133','2013-04-03 03:31:38','2013-04-03 03:31:38',NULL),(63,11,NULL,'133','2013-04-03 03:31:38','2013-04-03 03:31:38',NULL),(64,12,NULL,'133','2013-04-03 03:31:38','2013-04-03 03:31:38',NULL),(65,13,NULL,'133','2013-04-03 03:31:38','2013-04-03 03:31:38',NULL),(66,1,NULL,'138','2013-04-03 04:09:50','2013-04-03 04:09:50',NULL),(67,2,NULL,'138','2013-04-03 04:09:50','2013-04-03 04:09:50',NULL),(68,3,NULL,'138','2013-04-03 04:09:50','2013-04-03 04:09:50',NULL),(69,4,NULL,'138','2013-04-03 04:09:50','2013-04-03 04:09:50',NULL),(70,5,NULL,'138','2013-04-03 04:09:50','2013-04-03 04:09:50',NULL),(71,6,NULL,'138','2013-04-03 04:09:50','2013-04-03 04:09:50',NULL),(72,7,NULL,'138','2013-04-03 04:09:50','2013-04-03 04:09:50',NULL),(73,8,NULL,'138','2013-04-03 04:09:50','2013-04-03 04:09:50',NULL),(74,9,10,'138','2013-04-03 04:09:50','2013-04-03 04:09:50',NULL),(75,10,NULL,'138','2013-04-03 04:09:50','2013-04-03 04:09:50',NULL),(76,11,NULL,'138','2013-04-03 04:09:50','2013-04-03 04:09:50',NULL),(77,12,NULL,'138','2013-04-03 04:09:50','2013-04-03 04:09:50',NULL),(78,13,15,'138','2013-04-03 04:09:50','2013-04-03 04:09:50',NULL),(79,1,NULL,'139','2013-04-03 04:10:45','2013-04-03 04:10:45',NULL),(80,2,NULL,'139','2013-04-03 04:10:45','2013-04-03 04:10:45',NULL),(81,3,NULL,'139','2013-04-03 04:10:45','2013-04-03 04:10:45',NULL),(82,4,NULL,'139','2013-04-03 04:10:45','2013-04-03 04:10:45',NULL),(83,5,NULL,'139','2013-04-03 04:10:45','2013-04-03 04:10:45',NULL),(84,6,NULL,'139','2013-04-03 04:10:45','2013-04-03 04:10:45',NULL),(85,7,NULL,'139','2013-04-03 04:10:45','2013-04-03 04:10:45',NULL),(86,8,NULL,'139','2013-04-03 04:10:45','2013-04-03 04:10:45',NULL),(87,9,15,'139','2013-04-03 04:10:45','2013-04-03 04:10:45',NULL),(88,10,NULL,'139','2013-04-03 04:10:45','2013-04-03 04:10:45',NULL),(89,11,15,'139','2013-04-03 04:10:45','2013-04-03 04:10:45',NULL),(90,12,NULL,'139','2013-04-03 04:10:45','2013-04-03 04:10:45',NULL),(91,13,50,'139','2013-04-03 04:10:45','2013-04-03 04:10:45',NULL),(92,1,NULL,'140','2013-04-03 04:11:05','2013-04-03 04:11:05',NULL),(93,2,NULL,'140','2013-04-03 04:11:05','2013-04-03 04:11:05',NULL),(94,3,NULL,'140','2013-04-03 04:11:05','2013-04-03 04:11:05',NULL),(95,4,NULL,'140','2013-04-03 04:11:05','2013-04-03 04:11:05',NULL),(96,5,NULL,'140','2013-04-03 04:11:05','2013-04-03 04:11:05',NULL),(97,6,NULL,'140','2013-04-03 04:11:05','2013-04-03 04:11:05',NULL),(98,7,NULL,'140','2013-04-03 04:11:05','2013-04-03 04:11:05',NULL),(99,8,NULL,'140','2013-04-03 04:11:05','2013-04-03 04:11:05',NULL),(100,9,NULL,'140','2013-04-03 04:11:05','2013-04-03 04:11:05',NULL),(101,10,NULL,'140','2013-04-03 04:11:05','2013-04-03 04:11:05',NULL),(102,11,NULL,'140','2013-04-03 04:11:05','2013-04-03 04:11:05',NULL),(103,12,NULL,'140','2013-04-03 04:11:05','2013-04-03 04:11:05',NULL),(104,13,15,'140','2013-04-03 04:11:05','2013-04-03 04:11:05',NULL),(105,1,NULL,'141','2013-04-03 04:13:46','2013-04-03 04:13:46',NULL),(106,2,NULL,'141','2013-04-03 04:13:46','2013-04-03 04:13:46',NULL),(107,3,NULL,'141','2013-04-03 04:13:46','2013-04-03 04:13:46',NULL),(108,4,NULL,'141','2013-04-03 04:13:46','2013-04-03 04:13:46',NULL),(109,5,NULL,'141','2013-04-03 04:13:46','2013-04-03 04:13:46',NULL),(110,6,NULL,'141','2013-04-03 04:13:46','2013-04-03 04:13:46',NULL),(111,7,NULL,'141','2013-04-03 04:13:46','2013-04-03 04:13:46',NULL),(112,8,NULL,'141','2013-04-03 04:13:46','2013-04-03 04:13:46',NULL),(113,9,10,'141','2013-04-03 04:13:46','2013-04-03 04:13:46',NULL),(114,10,NULL,'141','2013-04-03 04:13:46','2013-04-03 04:13:46',NULL),(115,11,NULL,'141','2013-04-03 04:13:46','2013-04-03 04:13:46',NULL),(116,12,NULL,'141','2013-04-03 04:13:46','2013-04-03 04:13:46',NULL),(117,13,20,'141','2013-04-03 04:13:46','2013-04-03 04:13:46',NULL),(118,1,NULL,'142','2013-04-03 04:14:54','2013-04-03 04:14:54',NULL),(119,2,NULL,'142','2013-04-03 04:14:54','2013-04-03 04:14:54',NULL),(120,3,NULL,'142','2013-04-03 04:14:54','2013-04-03 04:14:54',NULL),(121,4,NULL,'142','2013-04-03 04:14:54','2013-04-03 04:14:54',NULL),(122,5,NULL,'142','2013-04-03 04:14:54','2013-04-03 04:14:54',NULL),(123,6,NULL,'142','2013-04-03 04:14:54','2013-04-03 04:14:54',NULL),(124,7,NULL,'142','2013-04-03 04:14:54','2013-04-03 04:14:54',NULL),(125,8,NULL,'142','2013-04-03 04:14:54','2013-04-03 04:14:54',NULL),(126,9,10,'142','2013-04-03 04:14:54','2013-04-03 04:14:54',NULL),(127,10,NULL,'142','2013-04-03 04:14:54','2013-04-03 04:14:54',NULL),(128,11,NULL,'142','2013-04-03 04:14:54','2013-04-03 04:14:54',NULL),(129,12,NULL,'142','2013-04-03 04:14:54','2013-04-03 04:14:54',NULL),(130,13,125,'142','2013-04-03 04:14:54','2013-04-03 04:14:54',NULL),(131,1,0,'143','2013-04-04 03:07:27','2013-04-04 04:09:31',''),(132,2,0,'143','2013-04-04 03:07:27','2013-04-04 04:09:06',''),(133,3,0,'143','2013-04-04 03:07:27','2013-04-04 04:09:06',''),(134,4,0,'143','2013-04-04 03:07:27','2013-04-04 04:09:06',''),(135,5,0,'143','2013-04-04 03:07:27','2013-04-04 04:09:06',''),(136,6,0,'143','2013-04-04 03:07:27','2013-04-04 04:09:06',''),(137,7,0,'143','2013-04-04 03:07:27','2013-04-04 04:09:06',''),(138,8,0,'143','2013-04-04 03:07:27','2013-04-04 04:09:06',''),(139,9,20,'143','2013-04-04 03:07:27','2013-04-04 04:09:06',''),(140,10,0,'143','2013-04-04 03:07:27','2013-04-04 04:09:06',''),(141,11,0,'143','2013-04-04 03:07:27','2013-04-04 04:09:06',''),(142,12,0,'143','2013-04-04 03:07:27','2013-04-04 04:09:06',''),(143,13,165,'143','2013-04-04 03:07:27','2013-04-04 04:09:06',''),(144,1,NULL,'145','2013-04-04 03:09:11','2013-04-04 03:09:11',NULL),(145,2,NULL,'145','2013-04-04 03:09:11','2013-04-04 03:09:11',NULL),(146,3,15,'145','2013-04-04 03:09:11','2013-04-04 03:10:03',NULL),(147,4,NULL,'145','2013-04-04 03:09:11','2013-04-04 03:09:11',NULL),(148,5,NULL,'145','2013-04-04 03:09:11','2013-04-04 03:09:11',NULL),(149,6,NULL,'145','2013-04-04 03:09:11','2013-04-04 03:09:11',NULL),(150,7,NULL,'145','2013-04-04 03:09:11','2013-04-04 03:09:11',NULL),(151,8,50,'145','2013-04-04 03:09:11','2013-04-04 03:09:11',NULL),(152,9,5,'145','2013-04-04 03:09:11','2013-04-04 03:09:11',NULL),(153,10,NULL,'145','2013-04-04 03:09:11','2013-04-04 03:09:11',NULL),(154,11,10,'145','2013-04-04 03:09:11','2013-04-04 03:09:11',NULL),(155,12,NULL,'145','2013-04-04 03:09:11','2013-04-04 03:09:11',NULL),(156,13,NULL,'145','2013-04-04 03:09:11','2013-04-04 03:09:11',NULL),(157,1,0,'144','2013-04-04 03:11:12','2013-04-04 03:59:03',NULL),(158,2,0,'144','2013-04-04 03:11:12','2013-04-04 03:59:03',NULL),(159,3,10,'144','2013-04-04 03:11:12','2013-04-04 03:11:12',NULL),(160,4,0,'144','2013-04-04 03:11:12','2013-04-04 03:59:03',NULL),(161,5,0,'144','2013-04-04 03:11:12','2013-04-04 03:59:03',NULL),(162,6,0,'144','2013-04-04 03:11:12','2013-04-04 03:59:03',NULL),(163,7,0,'144','2013-04-04 03:11:12','2013-04-04 03:59:03',NULL),(164,8,0,'144','2013-04-04 03:11:12','2013-04-04 03:59:03',NULL),(165,9,10,'144','2013-04-04 03:11:12','2013-04-04 03:11:12',NULL),(166,10,0,'144','2013-04-04 03:11:12','2013-04-04 03:59:03',NULL),(167,11,0,'144','2013-04-04 03:11:12','2013-04-04 03:59:03',NULL),(168,12,0,'144','2013-04-04 03:11:12','2013-04-04 03:59:03',NULL),(169,13,15,'144','2013-04-04 03:11:12','2013-04-04 03:11:12',NULL),(170,1,NULL,'146','2013-04-04 03:13:24','2013-04-04 03:13:24',NULL),(171,2,NULL,'146','2013-04-04 03:13:24','2013-04-04 03:13:24',NULL),(172,3,NULL,'146','2013-04-04 03:13:24','2013-04-04 03:13:24',NULL),(173,4,NULL,'146','2013-04-04 03:13:24','2013-04-04 03:13:24',NULL),(174,5,NULL,'146','2013-04-04 03:13:24','2013-04-04 03:13:24',NULL),(175,6,NULL,'146','2013-04-04 03:13:24','2013-04-04 03:13:24',NULL),(176,7,NULL,'146','2013-04-04 03:13:24','2013-04-04 03:13:24',NULL),(177,8,NULL,'146','2013-04-04 03:13:24','2013-04-04 03:13:24',NULL),(178,9,30,'146','2013-04-04 03:13:24','2013-04-04 03:13:24',NULL),(179,10,NULL,'146','2013-04-04 03:13:24','2013-04-04 03:13:24',NULL),(180,11,15,'146','2013-04-04 03:13:24','2013-04-04 03:13:24',NULL),(181,12,NULL,'146','2013-04-04 03:13:24','2013-04-04 03:13:24',NULL),(182,13,NULL,'146','2013-04-04 03:13:24','2013-04-04 03:13:24',NULL),(183,1,NULL,'147','2013-04-04 03:24:36','2013-04-04 03:24:36',NULL),(184,2,NULL,'147','2013-04-04 03:24:36','2013-04-04 03:24:36',NULL),(185,3,NULL,'147','2013-04-04 03:24:36','2013-04-04 03:24:36',NULL),(186,4,NULL,'147','2013-04-04 03:24:36','2013-04-04 03:24:36',NULL),(187,5,NULL,'147','2013-04-04 03:24:36','2013-04-04 03:24:36',NULL),(188,6,NULL,'147','2013-04-04 03:24:36','2013-04-04 03:24:36',NULL),(189,7,385,'147','2013-04-04 03:24:36','2013-04-04 03:24:36',NULL),(190,8,NULL,'147','2013-04-04 03:24:36','2013-04-04 03:24:36',NULL),(191,9,20,'147','2013-04-04 03:24:36','2013-04-04 03:24:36',NULL),(192,10,NULL,'147','2013-04-04 03:24:36','2013-04-04 03:24:36',NULL),(193,11,10,'147','2013-04-04 03:24:36','2013-04-04 03:24:36',NULL),(194,12,NULL,'147','2013-04-04 03:24:36','2013-04-04 03:24:36',NULL),(195,13,NULL,'147','2013-04-04 03:24:36','2013-04-04 03:24:36',NULL),(196,1,NULL,'148','2013-04-04 03:27:16','2013-04-04 03:27:16',NULL),(197,2,NULL,'148','2013-04-04 03:27:16','2013-04-04 03:27:16',NULL),(198,3,NULL,'148','2013-04-04 03:27:16','2013-04-04 03:27:16',NULL),(199,4,NULL,'148','2013-04-04 03:27:16','2013-04-04 03:27:16',NULL),(200,5,NULL,'148','2013-04-04 03:27:16','2013-04-04 03:27:16',NULL),(201,6,NULL,'148','2013-04-04 03:27:16','2013-04-04 03:27:16',NULL),(202,7,NULL,'148','2013-04-04 03:27:16','2013-04-04 03:27:16',NULL),(203,8,NULL,'148','2013-04-04 03:27:16','2013-04-04 03:27:16',NULL),(204,9,10,'148','2013-04-04 03:27:16','2013-04-04 03:27:16',NULL),(205,10,NULL,'148','2013-04-04 03:27:16','2013-04-04 03:27:16',NULL),(206,11,NULL,'148','2013-04-04 03:27:16','2013-04-04 03:27:16',NULL),(207,12,NULL,'148','2013-04-04 03:27:16','2013-04-04 03:27:16',NULL),(208,13,15,'148','2013-04-04 03:27:16','2013-04-04 03:27:16',NULL),(209,1,NULL,'149','2013-04-04 03:27:49','2013-04-04 03:27:49',NULL),(210,2,NULL,'149','2013-04-04 03:27:49','2013-04-04 03:27:49',NULL),(211,3,NULL,'149','2013-04-04 03:27:49','2013-04-04 03:27:49',NULL),(212,4,NULL,'149','2013-04-04 03:27:49','2013-04-04 03:27:49',NULL),(213,5,NULL,'149','2013-04-04 03:27:49','2013-04-04 03:27:49',NULL),(214,6,NULL,'149','2013-04-04 03:27:49','2013-04-04 03:27:49',NULL),(215,7,NULL,'149','2013-04-04 03:27:49','2013-04-04 03:27:49',NULL),(216,8,NULL,'149','2013-04-04 03:27:49','2013-04-04 03:27:49',NULL),(217,9,NULL,'149','2013-04-04 03:27:49','2013-04-04 03:27:49',NULL),(218,10,NULL,'149','2013-04-04 03:27:49','2013-04-04 03:27:49',NULL),(219,11,NULL,'149','2013-04-04 03:27:49','2013-04-04 03:27:49',NULL),(220,12,NULL,'149','2013-04-04 03:27:49','2013-04-04 03:27:49',NULL),(221,13,15,'149','2013-04-04 03:27:49','2013-04-04 03:27:49',NULL),(222,1,NULL,'150','2013-04-04 03:28:56','2013-04-04 03:28:56',NULL),(223,2,NULL,'150','2013-04-04 03:28:56','2013-04-04 03:28:56',NULL),(224,3,NULL,'150','2013-04-04 03:28:56','2013-04-04 03:28:56',NULL),(225,4,NULL,'150','2013-04-04 03:28:56','2013-04-04 03:28:56',NULL),(226,5,NULL,'150','2013-04-04 03:28:56','2013-04-04 03:28:56',NULL),(227,6,NULL,'150','2013-04-04 03:28:56','2013-04-04 03:28:56',NULL),(228,7,NULL,'150','2013-04-04 03:28:56','2013-04-04 03:28:56',NULL),(229,8,75,'150','2013-04-04 03:28:56','2013-04-04 03:28:56',NULL),(230,9,30,'150','2013-04-04 03:28:56','2013-04-04 03:28:56',NULL),(231,10,NULL,'150','2013-04-04 03:28:56','2013-04-04 03:28:56',NULL),(232,11,NULL,'150','2013-04-04 03:28:56','2013-04-04 03:28:56',NULL),(233,12,NULL,'150','2013-04-04 03:28:56','2013-04-04 03:28:56',NULL),(234,13,NULL,'150','2013-04-04 03:28:56','2013-04-04 03:28:56',NULL),(235,1,0,'151','2013-04-05 04:01:09','2013-04-05 04:01:09',''),(236,2,0,'151','2013-04-05 04:01:09','2013-04-05 04:01:09',''),(237,3,0,'151','2013-04-05 04:01:09','2013-04-05 04:01:09',''),(238,4,0,'151','2013-04-05 04:01:09','2013-04-05 04:01:09',''),(239,5,0,'151','2013-04-05 04:01:09','2013-04-05 04:01:09',''),(240,6,0,'151','2013-04-05 04:01:09','2013-04-05 04:01:09',''),(241,7,0,'151','2013-04-05 04:01:09','2013-04-05 04:01:09',''),(242,8,0,'151','2013-04-05 04:01:09','2013-04-05 04:01:09',''),(243,9,20,'151','2013-04-05 04:01:09','2013-04-05 04:01:09',''),(244,10,0,'151','2013-04-05 04:01:09','2013-04-05 04:01:09',''),(245,11,15,'151','2013-04-05 04:01:09','2013-04-05 04:01:09',''),(246,12,0,'151','2013-04-05 04:01:09','2013-04-05 04:01:09',''),(247,13,10,'151','2013-04-05 04:01:09','2013-04-05 04:01:09','เหล็กตกขอบ (10)'),(248,1,0,'152','2013-04-05 04:07:04','2013-04-05 04:07:04',''),(249,2,0,'152','2013-04-05 04:07:04','2013-04-05 04:07:04',''),(250,3,0,'152','2013-04-05 04:07:04','2013-04-05 04:08:50',''),(251,4,0,'152','2013-04-05 04:07:04','2013-04-05 04:07:04',''),(252,5,0,'152','2013-04-05 04:07:04','2013-04-05 04:07:04',''),(253,6,0,'152','2013-04-05 04:07:04','2013-04-05 04:07:04',''),(254,7,0,'152','2013-04-05 04:07:04','2013-04-05 04:07:04',''),(255,8,25,'152','2013-04-05 04:07:04','2013-04-05 04:07:04','น๊อตลูกปืนล้อหัวตัดขาด 25 นาที'),(256,9,5,'152','2013-04-05 04:07:04','2013-04-05 04:08:50',''),(257,10,0,'152','2013-04-05 04:07:04','2013-04-05 04:07:04',''),(258,11,5,'152','2013-04-05 04:07:04','2013-04-05 04:07:04',''),(259,12,0,'152','2013-04-05 04:07:04','2013-04-05 04:08:50',''),(260,13,5,'152','2013-04-05 04:07:04','2013-04-05 04:08:50','ล้างมือ5นาที'),(261,1,0,'153','2013-04-05 04:10:38','2013-04-05 04:10:38',''),(262,2,0,'153','2013-04-05 04:10:38','2013-04-05 04:10:38',''),(263,3,20,'153','2013-04-05 04:10:38','2013-04-05 04:10:38',''),(264,4,0,'153','2013-04-05 04:10:38','2013-04-05 04:10:38',''),(265,5,0,'153','2013-04-05 04:10:38','2013-04-05 04:10:38',''),(266,6,0,'153','2013-04-05 04:10:38','2013-04-05 04:10:38',''),(267,7,0,'153','2013-04-05 04:10:38','2013-04-05 04:10:38',''),(268,8,0,'153','2013-04-05 04:10:38','2013-04-05 04:10:38',''),(269,9,20,'153','2013-04-05 04:10:38','2013-04-05 04:10:38',''),(270,10,0,'153','2013-04-05 04:10:38','2013-04-05 04:10:38',''),(271,11,0,'153','2013-04-05 04:10:38','2013-04-05 04:10:38',''),(272,12,15,'153','2013-04-05 04:10:38','2013-04-05 04:10:38',''),(273,13,25,'153','2013-04-05 04:10:38','2013-04-05 04:10:38','ต่อเหล็กขาด25นาที'),(274,1,0,'154','2013-04-05 04:12:51','2013-04-05 04:12:51',''),(275,2,0,'154','2013-04-05 04:12:51','2013-04-05 04:12:51',''),(276,3,0,'154','2013-04-05 04:12:51','2013-04-05 04:12:51',''),(277,4,0,'154','2013-04-05 04:12:51','2013-04-05 04:12:51',''),(278,5,0,'154','2013-04-05 04:12:51','2013-04-05 04:12:51',''),(279,6,0,'154','2013-04-05 04:12:51','2013-04-05 04:12:51',''),(280,7,0,'154','2013-04-05 04:12:51','2013-04-05 04:12:51',''),(281,8,0,'154','2013-04-05 04:12:51','2013-04-05 04:12:51',''),(282,9,15,'154','2013-04-05 04:12:51','2013-04-05 04:12:51',''),(283,10,0,'154','2013-04-05 04:12:51','2013-04-05 04:12:51',''),(284,11,10,'154','2013-04-05 04:12:51','2013-04-05 04:12:51',''),(285,12,0,'154','2013-04-05 04:12:51','2013-04-05 04:12:51',''),(286,13,0,'154','2013-04-05 04:12:51','2013-04-05 04:12:51',''),(287,1,0,'156','2013-04-05 04:15:38','2013-04-05 04:15:38',''),(288,2,0,'156','2013-04-05 04:15:38','2013-04-05 04:15:38',''),(289,3,0,'156','2013-04-05 04:15:38','2013-04-05 04:19:34',''),(290,4,0,'156','2013-04-05 04:15:38','2013-04-05 04:15:38',''),(291,5,0,'156','2013-04-05 04:15:38','2013-04-05 04:15:38',''),(292,6,0,'156','2013-04-05 04:15:38','2013-04-05 04:15:38',''),(293,7,0,'156','2013-04-05 04:15:38','2013-04-05 04:19:34',''),(294,8,0,'156','2013-04-05 04:15:38','2013-04-05 04:15:38',''),(295,9,30,'156','2013-04-05 04:15:38','2013-04-05 04:21:05',''),(296,10,0,'156','2013-04-05 04:15:38','2013-04-05 04:15:38',''),(297,11,10,'156','2013-04-05 04:15:38','2013-04-05 04:19:34',''),(298,12,0,'156','2013-04-05 04:15:38','2013-04-05 04:15:38',''),(299,13,25,'156','2013-04-05 04:15:38','2013-04-05 04:19:34','อานนท์ไม่มาหาคนแทน'),(300,1,0,'155','2013-04-05 04:20:30','2013-04-05 04:20:30',''),(301,2,0,'155','2013-04-05 04:20:30','2013-04-05 04:20:30',''),(302,3,25,'155','2013-04-05 04:20:30','2013-04-05 04:20:30',''),(303,4,0,'155','2013-04-05 04:20:30','2013-04-05 04:20:30',''),(304,5,0,'155','2013-04-05 04:20:30','2013-04-05 04:20:30',''),(305,6,0,'155','2013-04-05 04:20:30','2013-04-05 04:20:30',''),(306,7,10,'155','2013-04-05 04:20:30','2013-04-05 04:20:30','ถ่านหมด'),(307,8,0,'155','2013-04-05 04:20:30','2013-04-05 04:20:30',''),(308,9,20,'155','2013-04-05 04:20:30','2013-04-05 04:20:30',''),(309,10,0,'155','2013-04-05 04:20:30','2013-04-05 04:20:30',''),(310,11,0,'155','2013-04-05 04:20:30','2013-04-05 04:20:30',''),(311,12,0,'155','2013-04-05 04:20:30','2013-04-05 04:20:30',''),(312,13,0,'155','2013-04-05 04:20:30','2013-04-05 04:20:30',''),(313,1,0,'157','2013-04-05 06:25:50','2013-04-05 06:25:50',''),(314,2,0,'157','2013-04-05 06:25:50','2013-04-05 06:25:50',''),(315,3,0,'157','2013-04-05 06:25:50','2013-04-05 06:25:50',''),(316,4,0,'157','2013-04-05 06:25:50','2013-04-05 06:25:50',''),(317,5,0,'157','2013-04-05 06:25:50','2013-04-05 06:25:50',''),(318,6,0,'157','2013-04-05 06:25:50','2013-04-05 06:25:50',''),(319,7,0,'157','2013-04-05 06:25:50','2013-04-05 06:25:50',''),(320,8,0,'157','2013-04-05 06:25:50','2013-04-05 06:25:50',''),(321,9,10,'157','2013-04-05 06:25:50','2013-04-05 06:25:50',''),(322,10,0,'157','2013-04-05 06:25:50','2013-04-05 06:25:50',''),(323,11,0,'157','2013-04-05 06:25:50','2013-04-05 06:25:50',''),(324,12,0,'157','2013-04-05 06:25:50','2013-04-05 06:25:50',''),(325,13,0,'157','2013-04-05 06:25:50','2013-04-05 06:25:50',''),(326,1,0,'158','2013-04-05 06:26:18','2013-04-05 06:26:18',''),(327,2,0,'158','2013-04-05 06:26:18','2013-04-05 06:26:18',''),(328,3,0,'158','2013-04-05 06:26:18','2013-04-05 06:26:18',''),(329,4,0,'158','2013-04-05 06:26:18','2013-04-05 06:26:18',''),(330,5,0,'158','2013-04-05 06:26:18','2013-04-05 06:26:18',''),(331,6,0,'158','2013-04-05 06:26:18','2013-04-05 06:26:18',''),(332,7,0,'158','2013-04-05 06:26:18','2013-04-05 06:26:18',''),(333,8,0,'158','2013-04-05 06:26:18','2013-04-05 06:26:18',''),(334,9,0,'158','2013-04-05 06:26:18','2013-04-05 06:26:18',''),(335,10,0,'158','2013-04-05 06:26:18','2013-04-05 06:26:18',''),(336,11,0,'158','2013-04-05 06:26:18','2013-04-05 06:26:18',''),(337,12,0,'158','2013-04-05 06:26:18','2013-04-05 06:26:18',''),(338,13,10,'158','2013-04-05 06:26:18','2013-04-05 06:26:18','เปลี่ยนความหนา'),(339,1,0,'159','2013-04-05 06:27:07','2013-04-05 06:27:07',''),(340,2,0,'159','2013-04-05 06:27:07','2013-04-05 06:27:07',''),(341,3,0,'159','2013-04-05 06:27:07','2013-04-05 06:27:07',''),(342,4,0,'159','2013-04-05 06:27:07','2013-04-05 06:27:07',''),(343,5,0,'159','2013-04-05 06:27:07','2013-04-05 06:27:08',''),(344,6,0,'159','2013-04-05 06:27:08','2013-04-05 06:27:08',''),(345,7,0,'159','2013-04-05 06:27:08','2013-04-05 06:27:08',''),(346,8,0,'159','2013-04-05 06:27:08','2013-04-05 06:27:08',''),(347,9,0,'159','2013-04-05 06:27:08','2013-04-05 06:27:08',''),(348,10,0,'159','2013-04-05 06:27:08','2013-04-05 06:27:08',''),(349,11,0,'159','2013-04-05 06:27:08','2013-04-05 06:27:08',''),(350,12,0,'159','2013-04-05 06:27:08','2013-04-05 06:27:08',''),(351,13,10,'159','2013-04-05 06:27:08','2013-04-05 06:27:08','เปลี่ยนความหนา'),(352,1,0,'160','2013-04-05 06:27:44','2013-04-05 06:27:44',''),(353,2,0,'160','2013-04-05 06:27:44','2013-04-05 06:27:44',''),(354,3,0,'160','2013-04-05 06:27:44','2013-04-05 06:27:44',''),(355,4,0,'160','2013-04-05 06:27:44','2013-04-05 06:27:44',''),(356,5,0,'160','2013-04-05 06:27:44','2013-04-05 06:27:44',''),(357,6,0,'160','2013-04-05 06:27:44','2013-04-05 06:27:44',''),(358,7,0,'160','2013-04-05 06:27:44','2013-04-05 06:27:44',''),(359,8,0,'160','2013-04-05 06:27:44','2013-04-05 06:27:44',''),(360,9,10,'160','2013-04-05 06:27:44','2013-04-05 06:27:44',''),(361,10,0,'160','2013-04-05 06:27:44','2013-04-05 06:27:44',''),(362,11,0,'160','2013-04-05 06:27:44','2013-04-05 06:27:44',''),(363,12,0,'160','2013-04-05 06:27:44','2013-04-05 06:27:44',''),(364,13,10,'160','2013-04-05 06:27:44','2013-04-05 06:27:44','เปลี่ยนความหนา'),(365,1,0,'161','2013-04-05 06:31:07','2013-04-05 06:31:07',''),(366,2,0,'161','2013-04-05 06:31:07','2013-04-05 06:31:07',''),(367,3,0,'161','2013-04-05 06:31:07','2013-04-05 06:31:07',''),(368,4,0,'161','2013-04-05 06:31:07','2013-04-05 06:31:07',''),(369,5,0,'161','2013-04-05 06:31:07','2013-04-05 06:31:07',''),(370,6,0,'161','2013-04-05 06:31:07','2013-04-05 06:31:07',''),(371,7,0,'161','2013-04-05 06:31:07','2013-04-05 06:31:07',''),(372,8,0,'161','2013-04-05 06:31:07','2013-04-05 06:31:07',''),(373,9,10,'161','2013-04-05 06:31:07','2013-04-05 06:31:07',''),(374,10,0,'161','2013-04-05 06:31:07','2013-04-05 06:31:07',''),(375,11,0,'161','2013-04-05 06:31:07','2013-04-05 06:31:07',''),(376,12,0,'161','2013-04-05 06:31:07','2013-04-05 06:31:07',''),(377,13,40,'161','2013-04-05 06:31:07','2013-04-05 06:31:07','ใส่ตัวรีดน้ำในท่อ'),(378,1,0,'162','2013-04-05 06:33:05','2013-04-05 06:33:05',''),(379,2,0,'162','2013-04-05 06:33:05','2013-04-05 06:33:05',''),(380,3,0,'162','2013-04-05 06:33:05','2013-04-05 06:33:05',''),(381,4,0,'162','2013-04-05 06:33:05','2013-04-05 06:33:05',''),(382,5,0,'162','2013-04-05 06:33:05','2013-04-05 06:33:05',''),(383,6,0,'162','2013-04-05 06:33:05','2013-04-05 06:33:05',''),(384,7,0,'162','2013-04-05 06:33:05','2013-04-05 06:33:05',''),(385,8,0,'162','2013-04-05 06:33:05','2013-04-05 06:33:05',''),(386,9,10,'162','2013-04-05 06:33:05','2013-04-05 06:33:05',''),(387,10,0,'162','2013-04-05 06:33:05','2013-04-05 06:33:05',''),(388,11,15,'162','2013-04-05 06:33:05','2013-04-05 06:33:05',''),(389,12,0,'162','2013-04-05 06:33:05','2013-04-05 06:33:05',''),(390,13,120,'162','2013-04-05 06:33:05','2013-04-05 06:33:05','ใสาตัวรูดน้ำในท่อ(4)/เปลี่ยนหลังคาเปลี่ยนลอมิทหัวตัด(20)'),(391,1,0,'163','2013-04-06 04:05:14','2013-04-06 04:05:14',''),(392,2,0,'163','2013-04-06 04:05:14','2013-04-06 04:05:14',''),(393,3,0,'163','2013-04-06 04:05:14','2013-04-06 04:05:14',''),(394,4,0,'163','2013-04-06 04:05:14','2013-04-06 04:05:14',''),(395,5,0,'163','2013-04-06 04:05:14','2013-04-06 04:05:14',''),(396,6,0,'163','2013-04-06 04:05:14','2013-04-06 04:05:14',''),(397,7,0,'163','2013-04-06 04:05:14','2013-04-06 04:05:14',''),(398,8,0,'163','2013-04-06 04:05:14','2013-04-06 04:05:14',''),(399,9,0,'163','2013-04-06 04:05:14','2013-04-06 04:05:14',''),(400,10,0,'163','2013-04-06 04:05:14','2013-04-06 04:05:14',''),(401,11,15,'163','2013-04-06 04:05:14','2013-04-06 04:05:14',''),(402,12,0,'163','2013-04-06 04:05:14','2013-04-06 04:05:14',''),(403,13,0,'163','2013-04-06 04:05:14','2013-04-06 04:05:14',''),(404,1,0,'164','2013-04-06 04:07:08','2013-04-06 04:07:08',''),(405,2,0,'164','2013-04-06 04:07:08','2013-04-06 04:07:08',''),(406,3,40,'164','2013-04-06 04:07:08','2013-04-06 04:07:08',''),(407,4,0,'164','2013-04-06 04:07:08','2013-04-06 04:07:08',''),(408,5,0,'164','2013-04-06 04:07:08','2013-04-06 04:07:08',''),(409,6,0,'164','2013-04-06 04:07:08','2013-04-06 04:07:08',''),(410,7,0,'164','2013-04-06 04:07:08','2013-04-06 04:07:08',''),(411,8,230,'164','2013-04-06 04:07:08','2013-04-06 04:07:08','น๊อตแค๊มหนีบหลุด(12)/ แกนกระบอกลมแค๊มหนีบหลุด(32)'),(412,9,15,'164','2013-04-06 04:07:08','2013-04-06 04:07:08',''),(413,10,0,'164','2013-04-06 04:07:08','2013-04-06 04:07:08',''),(414,11,0,'164','2013-04-06 04:07:08','2013-04-06 04:07:08',''),(415,12,0,'164','2013-04-06 04:07:08','2013-04-06 04:07:08',''),(416,13,10,'164','2013-04-06 04:07:08','2013-04-06 04:07:08','เหล็กตกขอบ'),(417,1,0,'165','2013-04-06 04:09:28','2013-04-06 04:09:28',''),(418,2,0,'165','2013-04-06 04:09:28','2013-04-06 04:09:28',''),(419,3,0,'165','2013-04-06 04:09:28','2013-04-06 04:09:28',''),(420,4,0,'165','2013-04-06 04:09:28','2013-04-06 04:09:28',''),(421,5,0,'165','2013-04-06 04:09:28','2013-04-06 04:09:28',''),(422,6,0,'165','2013-04-06 04:09:28','2013-04-06 04:09:28',''),(423,7,0,'165','2013-04-06 04:09:28','2013-04-06 04:09:28',''),(424,8,50,'165','2013-04-06 04:09:28','2013-04-06 04:09:28','น๊อตขาด(8)/เปลี่ยนยูคัพ(2)'),(425,9,25,'165','2013-04-06 04:09:28','2013-04-06 04:09:28',''),(426,10,0,'165','2013-04-06 04:09:28','2013-04-06 04:09:28',''),(427,11,10,'165','2013-04-06 04:09:28','2013-04-06 04:09:28',''),(428,12,0,'165','2013-04-06 04:09:28','2013-04-06 04:09:28',''),(429,13,10,'165','2013-04-06 04:09:28','2013-04-06 04:09:28','ล้างมือ'),(430,1,0,'166','2013-04-06 04:10:24','2013-04-06 04:10:24',''),(431,2,0,'166','2013-04-06 04:10:24','2013-04-06 04:10:24',''),(432,3,0,'166','2013-04-06 04:10:24','2013-04-06 04:10:24',''),(433,4,55,'166','2013-04-06 04:10:24','2013-04-06 04:10:24',''),(434,5,0,'166','2013-04-06 04:10:24','2013-04-06 04:10:24',''),(435,6,0,'166','2013-04-06 04:10:24','2013-04-06 04:10:24',''),(436,7,0,'166','2013-04-06 04:10:24','2013-04-06 04:10:24',''),(437,8,0,'166','2013-04-06 04:10:24','2013-04-06 04:10:24',''),(438,9,5,'166','2013-04-06 04:10:24','2013-04-06 04:10:24',''),(439,10,0,'166','2013-04-06 04:10:24','2013-04-06 04:10:24',''),(440,11,15,'166','2013-04-06 04:10:24','2013-04-06 04:10:24',''),(441,12,0,'166','2013-04-06 04:10:24','2013-04-06 04:10:24',''),(442,13,0,'166','2013-04-06 04:10:24','2013-04-06 04:10:24',''),(443,1,0,'2041','2013-04-06 04:11:50','2013-04-06 04:11:51',''),(444,2,0,'2041','2013-04-06 04:11:51','2013-04-06 04:11:51',''),(445,3,0,'2041','2013-04-06 04:11:51','2013-04-06 04:11:51',''),(446,4,0,'2041','2013-04-06 04:11:51','2013-04-06 04:11:51',''),(447,5,115,'2041','2013-04-06 04:11:51','2013-04-06 04:11:51',''),(448,6,0,'2041','2013-04-06 04:11:51','2013-04-06 04:11:51',''),(449,7,0,'2041','2013-04-06 04:11:51','2013-04-06 04:11:51',''),(450,8,0,'2041','2013-04-06 04:11:51','2013-04-06 04:11:51',''),(451,9,5,'2041','2013-04-06 04:11:51','2013-04-06 04:11:51',''),(452,10,0,'2041','2013-04-06 04:11:51','2013-04-06 04:11:51',''),(453,11,0,'2041','2013-04-06 04:11:51','2013-04-06 04:11:51',''),(454,12,0,'2041','2013-04-06 04:11:51','2013-04-06 04:11:51',''),(455,13,0,'2041','2013-04-06 04:11:51','2013-04-06 04:11:51',''),(456,1,0,'168','2013-04-06 04:12:37','2013-04-06 04:12:37',''),(457,2,0,'168','2013-04-06 04:12:37','2013-04-06 04:12:37',''),(458,3,0,'168','2013-04-06 04:12:37','2013-04-06 04:12:37',''),(459,4,0,'168','2013-04-06 04:12:37','2013-04-06 04:12:37',''),(460,5,0,'168','2013-04-06 04:12:37','2013-04-06 04:12:37',''),(461,6,0,'168','2013-04-06 04:12:37','2013-04-06 04:12:37',''),(462,7,0,'168','2013-04-06 04:12:37','2013-04-06 04:12:37',''),(463,8,0,'168','2013-04-06 04:12:37','2013-04-06 04:12:37',''),(464,9,10,'168','2013-04-06 04:12:37','2013-04-06 04:12:37',''),(465,10,0,'168','2013-04-06 04:12:37','2013-04-06 04:12:37',''),(466,11,15,'168','2013-04-06 04:12:37','2013-04-06 04:12:37',''),(467,12,0,'168','2013-04-06 04:12:37','2013-04-06 04:12:37',''),(468,13,0,'168','2013-04-06 04:12:37','2013-04-06 04:12:37',''),(469,1,0,'2042','2013-04-06 04:13:34','2013-04-06 04:13:34',''),(470,2,0,'2042','2013-04-06 04:13:34','2013-04-06 04:13:34',''),(471,3,35,'2042','2013-04-06 04:13:34','2013-04-06 04:13:34',''),(472,4,0,'2042','2013-04-06 04:13:34','2013-04-06 04:13:34',''),(473,5,0,'2042','2013-04-06 04:13:34','2013-04-06 04:13:34',''),(474,6,0,'2042','2013-04-06 04:13:34','2013-04-06 04:13:34',''),(475,7,0,'2042','2013-04-06 04:13:34','2013-04-06 04:13:34',''),(476,8,0,'2042','2013-04-06 04:13:34','2013-04-06 04:13:34',''),(477,9,10,'2042','2013-04-06 04:13:34','2013-04-06 04:13:34',''),(478,10,0,'2042','2013-04-06 04:13:34','2013-04-06 04:13:34',''),(479,11,0,'2042','2013-04-06 04:13:34','2013-04-06 04:13:34',''),(480,12,0,'2042','2013-04-06 04:13:34','2013-04-06 04:13:34',''),(481,13,20,'2042','2013-04-06 04:13:34','2013-04-06 04:13:34','ลับมีดไม่ทัน'),(482,1,0,'169','2013-04-06 04:14:47','2013-04-06 04:14:47',''),(483,2,0,'169','2013-04-06 04:14:47','2013-04-06 04:14:47',''),(484,3,0,'169','2013-04-06 04:14:47','2013-04-06 04:14:47',''),(485,4,0,'169','2013-04-06 04:14:47','2013-04-06 04:14:47',''),(486,5,0,'169','2013-04-06 04:14:47','2013-04-06 04:14:47',''),(487,6,0,'169','2013-04-06 04:14:47','2013-04-06 04:14:47',''),(488,7,0,'169','2013-04-06 04:14:47','2013-04-06 04:14:47',''),(489,8,0,'169','2013-04-06 04:14:47','2013-04-06 04:14:47',''),(490,9,0,'169','2013-04-06 04:14:47','2013-04-06 04:14:47',''),(491,10,0,'169','2013-04-06 04:14:47','2013-04-06 04:14:47',''),(492,11,0,'169','2013-04-06 04:14:47','2013-04-06 04:14:47',''),(493,12,0,'169','2013-04-06 04:14:47','2013-04-06 04:14:47',''),(494,13,10,'169','2013-04-06 04:14:47','2013-04-06 04:14:47','เปลี่ยนความหนา'),(495,1,0,'170','2013-04-06 04:15:41','2013-04-06 04:15:41',''),(496,2,0,'170','2013-04-06 04:15:41','2013-04-06 04:15:41',''),(497,3,0,'170','2013-04-06 04:15:41','2013-04-06 04:15:41',''),(498,4,425,'170','2013-04-06 04:15:41','2013-04-06 04:15:41','เครื่อง SL เสีย'),(499,5,0,'170','2013-04-06 04:15:41','2013-04-06 04:15:41',''),(500,6,0,'170','2013-04-06 04:15:41','2013-04-06 04:15:41',''),(501,7,0,'170','2013-04-06 04:15:41','2013-04-06 04:15:41',''),(502,8,0,'170','2013-04-06 04:15:41','2013-04-06 04:15:41',''),(503,9,0,'170','2013-04-06 04:15:41','2013-04-06 04:15:41',''),(504,10,0,'170','2013-04-06 04:15:41','2013-04-06 04:15:41',''),(505,11,10,'170','2013-04-06 04:15:41','2013-04-06 04:15:41',''),(506,12,0,'170','2013-04-06 04:15:41','2013-04-06 04:15:41',''),(507,13,0,'170','2013-04-06 04:15:41','2013-04-06 04:15:41',''),(508,1,0,'171','2013-04-06 04:18:03','2013-04-06 04:18:03',''),(509,2,0,'171','2013-04-06 04:18:03','2013-04-06 04:18:03',''),(510,3,0,'171','2013-04-06 04:18:03','2013-04-06 04:18:03',''),(511,4,0,'171','2013-04-06 04:18:03','2013-04-06 04:18:03',''),(512,5,0,'171','2013-04-06 04:18:03','2013-04-06 04:18:03',''),(513,6,0,'171','2013-04-06 04:18:03','2013-04-06 04:18:03',''),(514,7,0,'171','2013-04-06 04:18:03','2013-04-06 04:18:03',''),(515,8,30,'171','2013-04-06 04:18:03','2013-04-06 04:18:03','กล่องเกียร์พัง'),(516,9,20,'171','2013-04-06 04:18:03','2013-04-06 04:18:03',''),(517,10,0,'171','2013-04-06 04:18:03','2013-04-06 04:18:03',''),(518,11,0,'171','2013-04-06 04:18:03','2013-04-06 04:18:03',''),(519,12,0,'171','2013-04-06 04:18:03','2013-04-06 04:18:03',''),(520,13,40,'171','2013-04-06 04:18:03','2013-04-06 04:18:03','ไฟเชื่อตัด 4 ครั้ง'),(521,1,0,'172','2013-04-06 04:18:38','2013-04-06 04:18:38',''),(522,2,0,'172','2013-04-06 04:18:38','2013-04-06 04:18:38',''),(523,3,0,'172','2013-04-06 04:18:38','2013-04-06 04:18:38',''),(524,4,0,'172','2013-04-06 04:18:38','2013-04-06 04:18:38',''),(525,5,0,'172','2013-04-06 04:18:38','2013-04-06 04:18:38',''),(526,6,0,'172','2013-04-06 04:18:38','2013-04-06 04:18:38',''),(527,7,0,'172','2013-04-06 04:18:38','2013-04-06 04:18:38',''),(528,8,0,'172','2013-04-06 04:18:38','2013-04-06 04:18:38',''),(529,9,10,'172','2013-04-06 04:18:38','2013-04-06 04:18:38',''),(530,10,0,'172','2013-04-06 04:18:38','2013-04-06 04:18:38',''),(531,11,0,'172','2013-04-06 04:18:38','2013-04-06 04:18:38',''),(532,12,0,'172','2013-04-06 04:18:38','2013-04-06 04:18:38',''),(533,13,0,'172','2013-04-06 04:18:38','2013-04-06 04:18:38',''),(534,1,0,'2043','2013-04-08 02:42:07','2013-04-08 02:42:07',''),(535,2,0,'2043','2013-04-08 02:42:07','2013-04-08 02:42:07',''),(536,3,5,'2043','2013-04-08 02:42:07','2013-04-08 02:42:07',''),(537,4,0,'2043','2013-04-08 02:42:07','2013-04-08 02:42:07',''),(538,5,0,'2043','2013-04-08 02:42:07','2013-04-08 02:42:07',''),(539,6,0,'2043','2013-04-08 02:42:07','2013-04-08 02:42:07',''),(540,7,0,'2043','2013-04-08 02:42:07','2013-04-08 02:42:07',''),(541,8,35,'2043','2013-04-08 02:42:07','2013-04-08 02:42:07','น๊อตแค้มหนีบหลุด ขาลิฟหักเชื่อมใหม่'),(542,9,5,'2043','2013-04-08 02:42:07','2013-04-08 02:42:07',''),(543,10,0,'2043','2013-04-08 02:42:07','2013-04-08 02:42:07',''),(544,11,0,'2043','2013-04-08 02:42:07','2013-04-08 02:42:07',''),(545,12,0,'2043','2013-04-08 02:42:07','2013-04-08 02:42:07',''),(546,13,0,'2043','2013-04-08 02:42:07','2013-04-08 02:42:07',''),(547,1,0,'2044','2013-04-08 02:43:41','2013-04-08 02:43:41',''),(548,2,0,'2044','2013-04-08 02:43:41','2013-04-08 02:43:41',''),(549,3,0,'2044','2013-04-08 02:43:41','2013-04-08 02:43:41',''),(550,4,0,'2044','2013-04-08 02:43:41','2013-04-08 02:43:41',''),(551,5,0,'2044','2013-04-08 02:43:41','2013-04-08 02:43:41',''),(552,6,0,'2044','2013-04-08 02:43:41','2013-04-08 02:43:41',''),(553,7,0,'2044','2013-04-08 02:43:41','2013-04-08 02:43:41',''),(554,8,110,'2044','2013-04-08 02:43:41','2013-04-08 02:44:25','เปลี่ยนคัพยูแค้ม, เหล็กไหลทับลิฟ, เช็คลูกปืนโต๊ะหัวตัด'),(555,9,10,'2044','2013-04-08 02:43:41','2013-04-08 02:43:41',''),(556,10,0,'2044','2013-04-08 02:43:41','2013-04-08 02:43:41',''),(557,11,10,'2044','2013-04-08 02:43:41','2013-04-08 02:43:41',''),(558,12,0,'2044','2013-04-08 02:43:41','2013-04-08 02:43:41',''),(559,13,0,'2044','2013-04-08 02:43:41','2013-04-08 02:43:41',''),(560,1,0,'2047','2013-04-08 03:26:37','2013-04-08 03:39:42',''),(561,2,0,'2047','2013-04-08 03:26:37','2013-04-08 03:26:37',''),(562,3,0,'2047','2013-04-08 03:26:37','2013-04-08 03:26:37',''),(563,4,0,'2047','2013-04-08 03:26:37','2013-04-08 03:26:37',''),(564,5,0,'2047','2013-04-08 03:26:37','2013-04-08 03:26:37',''),(565,6,0,'2047','2013-04-08 03:26:37','2013-04-08 03:26:37',''),(566,7,0,'2047','2013-04-08 03:26:37','2013-04-08 03:26:37',''),(567,8,0,'2047','2013-04-08 03:26:37','2013-04-08 03:26:37',''),(568,9,10,'2047','2013-04-08 03:26:37','2013-04-08 03:41:07',''),(569,10,0,'2047','2013-04-08 03:26:37','2013-04-08 03:33:43',''),(570,11,0,'2047','2013-04-08 03:26:37','2013-04-08 03:26:37',''),(571,12,0,'2047','2013-04-08 03:26:37','2013-04-08 03:26:37',''),(572,13,15,'2047','2013-04-08 03:26:37','2013-04-08 03:41:22','เปลี่ยนความหนา'),(573,1,0,'2048','2013-04-08 03:43:35','2013-04-08 03:43:35',''),(574,2,0,'2048','2013-04-08 03:43:35','2013-04-08 03:43:35',''),(575,3,0,'2048','2013-04-08 03:43:35','2013-04-08 03:43:35',''),(576,4,0,'2048','2013-04-08 03:43:35','2013-04-08 03:43:35',''),(577,5,0,'2048','2013-04-08 03:43:35','2013-04-08 03:43:35',''),(578,6,0,'2048','2013-04-08 03:43:35','2013-04-08 03:43:35',''),(579,7,0,'2048','2013-04-08 03:43:35','2013-04-08 03:43:35',''),(580,8,0,'2048','2013-04-08 03:43:35','2013-04-08 03:43:35',''),(581,9,10,'2048','2013-04-08 03:43:35','2013-04-08 03:43:35',''),(582,10,0,'2048','2013-04-08 03:43:35','2013-04-08 03:43:35',''),(583,11,0,'2048','2013-04-08 03:43:35','2013-04-08 03:43:35',''),(584,12,0,'2048','2013-04-08 03:43:35','2013-04-08 03:43:35',''),(585,13,30,'2048','2013-04-08 03:43:35','2013-04-08 03:43:35','ประชุมตอนเช้า/เหล็กพับในกรง'),(586,1,0,'2050','2013-04-08 03:47:57','2013-04-08 03:47:57',''),(587,2,0,'2050','2013-04-08 03:47:57','2013-04-08 03:47:57',''),(588,3,0,'2050','2013-04-08 03:47:57','2013-04-08 03:47:57',''),(589,4,0,'2050','2013-04-08 03:47:57','2013-04-08 03:47:57',''),(590,5,0,'2050','2013-04-08 03:47:57','2013-04-08 03:47:57',''),(591,6,0,'2050','2013-04-08 03:47:57','2013-04-08 03:47:57',''),(592,7,0,'2050','2013-04-08 03:47:57','2013-04-08 03:47:57',''),(593,8,25,'2050','2013-04-08 03:47:57','2013-04-08 07:38:57','หัวตัดไม่ตัด'),(594,9,50,'2050','2013-04-08 03:47:57','2013-04-08 03:48:12',''),(595,10,5,'2050','2013-04-08 03:47:57','2013-04-08 07:38:57',''),(596,11,10,'2050','2013-04-08 03:47:57','2013-04-08 07:38:57',''),(597,12,0,'2050','2013-04-08 03:47:57','2013-04-08 03:47:57',''),(598,13,150,'2050','2013-04-08 03:47:57','2013-04-08 07:38:57','ประชุมตอนเข้า/มุงหลังคา(30)/ไฟเชื่อมตัดเกรดCหลายเส้น'),(599,1,0,'2045','2013-04-08 06:43:46','2013-04-08 06:43:46',''),(600,2,0,'2045','2013-04-08 06:43:46','2013-04-08 06:43:46',''),(601,3,0,'2045','2013-04-08 06:43:46','2013-04-08 06:43:46',''),(602,4,0,'2045','2013-04-08 06:43:46','2013-04-08 06:43:46',''),(603,5,0,'2045','2013-04-08 06:43:46','2013-04-08 06:43:46',''),(604,6,0,'2045','2013-04-08 06:43:46','2013-04-08 06:43:46',''),(605,7,0,'2045','2013-04-08 06:43:46','2013-04-08 06:43:46',''),(606,8,35,'2045','2013-04-08 06:43:46','2013-04-08 06:43:46','เพลส lift ขาด'),(607,9,40,'2045','2013-04-08 06:43:46','2013-04-08 06:43:46',''),(608,10,0,'2045','2013-04-08 06:43:46','2013-04-08 06:43:46',''),(609,11,5,'2045','2013-04-08 06:43:46','2013-04-08 06:43:46',''),(610,12,0,'2045','2013-04-08 06:43:46','2013-04-08 06:43:46',''),(611,13,5,'2045','2013-04-08 06:43:46','2013-04-08 06:43:46','ล้างมือ'),(612,1,0,'2046','2013-04-08 06:45:58','2013-04-08 06:45:58',''),(613,2,0,'2046','2013-04-08 06:45:58','2013-04-08 06:45:58',''),(614,3,0,'2046','2013-04-08 06:45:58','2013-04-08 06:45:58',''),(615,4,40,'2046','2013-04-08 06:45:58','2013-04-08 06:45:58',''),(616,5,0,'2046','2013-04-08 06:45:58','2013-04-08 06:45:58',''),(617,6,20,'2046','2013-04-08 06:45:58','2013-04-08 06:45:58',''),(618,7,0,'2046','2013-04-08 06:45:58','2013-04-08 06:45:58',''),(619,8,0,'2046','2013-04-08 06:45:58','2013-04-08 06:45:58',''),(620,9,40,'2046','2013-04-08 06:45:58','2013-04-08 06:45:58',''),(621,10,0,'2046','2013-04-08 06:45:58','2013-04-08 06:45:58',''),(622,11,15,'2046','2013-04-08 06:45:58','2013-04-08 06:45:58',''),(623,12,0,'2046','2013-04-08 06:45:58','2013-04-08 06:45:58',''),(624,13,35,'2046','2013-04-08 06:45:58','2013-04-08 06:45:58','ไม่มีคนแพ็ค(5)/เปลี่ยนหมึก(2)'),(625,1,0,'2051','2013-04-09 03:38:06','2013-04-09 03:38:06',''),(626,2,0,'2051','2013-04-09 03:38:06','2013-04-09 03:38:06',''),(627,3,10,'2051','2013-04-09 03:38:06','2013-04-09 06:21:16',''),(628,4,0,'2051','2013-04-09 03:38:06','2013-04-09 03:38:06',''),(629,5,0,'2051','2013-04-09 03:38:06','2013-04-09 03:38:06',''),(630,6,15,'2051','2013-04-09 03:38:06','2013-04-09 06:21:16',''),(631,7,0,'2051','2013-04-09 03:38:06','2013-04-09 03:38:06',''),(632,8,30,'2051','2013-04-09 03:38:06','2013-04-09 06:21:56','ซ่อมราง-น็อตแค้มหลุด(6)'),(633,9,15,'2051','2013-04-09 03:38:06','2013-04-09 06:21:16',''),(634,10,0,'2051','2013-04-09 03:38:06','2013-04-09 03:38:06',''),(635,11,0,'2051','2013-04-09 03:38:06','2013-04-09 07:34:09',''),(636,12,0,'2051','2013-04-09 03:38:06','2013-04-09 03:38:06',''),(637,13,0,'2051','2013-04-09 03:38:06','2013-04-09 06:17:00',''),(638,1,0,'2052','2013-04-09 03:51:47','2013-04-09 03:51:47',''),(639,2,0,'2052','2013-04-09 03:51:47','2013-04-09 03:51:47',''),(640,3,0,'2052','2013-04-09 03:51:47','2013-04-09 07:35:13',''),(641,4,0,'2052','2013-04-09 03:51:47','2013-04-09 03:51:47',''),(642,5,0,'2052','2013-04-09 03:51:47','2013-04-09 03:51:47',''),(643,6,15,'2052','2013-04-09 03:51:47','2013-04-09 03:51:47',''),(644,7,0,'2052','2013-04-09 03:51:47','2013-04-09 03:51:47',''),(645,8,105,'2052','2013-04-09 03:51:47','2013-04-09 07:35:13','เลยทำเสาลิฟใหม่-ไฟลิฟตัด(16)'),(646,9,5,'2052','2013-04-09 03:51:47','2013-04-09 06:20:01',''),(647,10,0,'2052','2013-04-09 03:51:47','2013-04-09 03:51:47',''),(648,11,15,'2052','2013-04-09 03:51:47','2013-04-09 07:35:13','หัวหน้าหยกไม่มาเปิดเครื่อง '),(649,12,0,'2052','2013-04-09 03:51:47','2013-04-09 03:51:47',''),(650,13,0,'2052','2013-04-09 03:51:47','2013-04-09 06:20:01','เหล็กตกขอบ(3)/ตัดเหล็กฟิล์มเสีย(2)'),(651,1,0,'2054','2013-04-09 03:55:51','2013-04-09 03:55:51',''),(652,2,0,'2054','2013-04-09 03:55:51','2013-04-09 03:55:51',''),(653,3,0,'2054','2013-04-09 03:55:51','2013-04-09 03:55:51',''),(654,4,0,'2054','2013-04-09 03:55:51','2013-04-09 03:55:51',''),(655,5,0,'2054','2013-04-09 03:55:51','2013-04-09 03:55:51',''),(656,6,0,'2054','2013-04-09 03:55:51','2013-04-09 03:55:51',''),(657,7,0,'2054','2013-04-09 03:55:51','2013-04-09 03:55:51',''),(658,8,60,'2054','2013-04-09 03:55:51','2013-04-09 03:55:51','ประกอบเพลาตัวหนอนลิฟ(12)'),(659,9,10,'2054','2013-04-09 03:55:51','2013-04-09 03:55:51',''),(660,10,0,'2054','2013-04-09 03:55:51','2013-04-09 03:55:51',''),(661,11,0,'2054','2013-04-09 03:55:51','2013-04-09 03:55:51',''),(662,12,0,'2054','2013-04-09 03:55:51','2013-04-09 03:55:51',''),(663,13,0,'2054','2013-04-09 03:55:51','2013-04-09 03:55:51',''),(664,1,0,'2053','2013-04-09 04:01:04','2013-04-09 04:01:04',''),(665,2,0,'2053','2013-04-09 04:01:04','2013-04-09 04:01:04',''),(666,3,35,'2053','2013-04-09 04:01:04','2013-04-09 04:01:04','เริ่มเดิน2.1เวลา11.20เดินๆหยุดๆปรับเหล็ก30นาที(7)'),(667,4,0,'2053','2013-04-09 04:01:04','2013-04-09 04:01:04',''),(668,5,0,'2053','2013-04-09 04:01:04','2013-04-09 04:01:04',''),(669,6,0,'2053','2013-04-09 04:01:04','2013-04-09 04:01:04',''),(670,7,0,'2053','2013-04-09 04:01:04','2013-04-09 04:01:04',''),(671,8,0,'2053','2013-04-09 04:01:04','2013-04-09 04:01:04',''),(672,9,20,'2053','2013-04-09 04:01:04','2013-04-09 04:01:04',''),(673,10,0,'2053','2013-04-09 04:01:04','2013-04-09 04:01:04',''),(674,11,0,'2053','2013-04-09 04:01:04','2013-04-09 04:01:04',''),(675,12,10,'2053','2013-04-09 04:01:04','2013-04-09 04:01:04','ตักขี้เหล็กหัวตัด'),(676,13,0,'2053','2013-04-09 04:01:04','2013-04-09 04:01:04',''),(677,1,0,'2055','2013-04-09 04:08:36','2013-04-09 04:08:36',''),(678,2,0,'2055','2013-04-09 04:08:36','2013-04-09 04:08:36',''),(679,3,0,'2055','2013-04-09 04:08:36','2013-04-09 04:08:36',''),(680,4,0,'2055','2013-04-09 04:08:36','2013-04-09 04:08:36',''),(681,5,0,'2055','2013-04-09 04:08:36','2013-04-09 04:08:36',''),(682,6,0,'2055','2013-04-09 04:08:36','2013-04-09 04:08:36',''),(683,7,0,'2055','2013-04-09 04:08:36','2013-04-09 04:08:36',''),(684,8,0,'2055','2013-04-09 04:08:36','2013-04-09 04:08:36',''),(685,9,175,'2055','2013-04-09 04:08:36','2013-04-09 04:08:36','ลับใบมีดไม่ทันจอดรอ ใบมีดใช้ได้ใบเดียว(12)/จอดลับมีด(23)'),(686,10,15,'2055','2013-04-09 04:08:36','2013-04-09 04:08:36','สีพ่นไม่ออก'),(687,11,15,'2055','2013-04-09 04:08:36','2013-04-09 04:08:36',''),(688,12,0,'2055','2013-04-09 04:08:36','2013-04-09 04:08:36',''),(689,13,0,'2055','2013-04-09 04:08:36','2013-04-09 04:08:36',''),(690,1,0,'2056','2013-04-09 04:10:00','2013-04-09 04:10:00',''),(691,2,0,'2056','2013-04-09 04:10:00','2013-04-09 04:10:00',''),(692,3,0,'2056','2013-04-09 04:10:00','2013-04-09 04:10:00',''),(693,4,0,'2056','2013-04-09 04:10:00','2013-04-09 04:10:00',''),(694,5,0,'2056','2013-04-09 04:10:00','2013-04-09 04:10:00',''),(695,6,0,'2056','2013-04-09 04:10:00','2013-04-09 04:10:00',''),(696,7,0,'2056','2013-04-09 04:10:00','2013-04-09 04:10:00',''),(697,8,0,'2056','2013-04-09 04:10:00','2013-04-09 04:10:00',''),(698,9,0,'2056','2013-04-09 04:10:00','2013-04-09 04:10:00',''),(699,10,0,'2056','2013-04-09 04:10:00','2013-04-09 04:10:00',''),(700,11,10,'2056','2013-04-09 04:10:00','2013-04-09 04:10:00',''),(701,12,0,'2056','2013-04-09 04:10:00','2013-04-09 04:10:00',''),(702,13,0,'2056','2013-04-09 04:10:00','2013-04-09 04:10:00',''),(703,1,0,'2057','2013-04-09 04:16:13','2013-04-09 04:16:13',''),(704,2,0,'2057','2013-04-09 04:16:13','2013-04-09 04:16:13',''),(705,3,0,'2057','2013-04-09 04:16:13','2013-04-09 04:16:13',''),(706,4,0,'2057','2013-04-09 04:16:13','2013-04-09 04:16:13',''),(707,5,0,'2057','2013-04-09 04:16:13','2013-04-09 04:16:13',''),(708,6,0,'2057','2013-04-09 04:16:13','2013-04-09 04:16:13',''),(709,7,0,'2057','2013-04-09 04:16:13','2013-04-09 04:16:13',''),(710,8,0,'2057','2013-04-09 04:16:13','2013-04-09 04:16:13',''),(711,9,10,'2057','2013-04-09 04:16:13','2013-04-09 04:16:13',''),(712,10,220,'2057','2013-04-09 04:16:13','2013-04-09 04:16:13','สลิงรีดน้ำในท่อขาดทำตัวรีดน้ำใหม่(18)/สลิงขาดในท่อรีดน้ำ รอบสองทำใหม่(26)'),(713,11,0,'2057','2013-04-09 04:16:13','2013-04-09 04:16:13',''),(714,12,0,'2057','2013-04-09 04:16:13','2013-04-09 04:16:13',''),(715,13,10,'2057','2013-04-09 04:16:13','2013-04-09 04:16:13','เปลี่ยนความหนา'),(716,1,0,'2058','2013-04-09 04:22:07','2013-04-09 04:22:07',''),(717,2,0,'2058','2013-04-09 04:22:07','2013-04-09 04:22:07',''),(718,3,0,'2058','2013-04-09 04:22:07','2013-04-09 04:22:07',''),(719,4,0,'2058','2013-04-09 04:22:07','2013-04-09 04:22:07',''),(720,5,0,'2058','2013-04-09 04:22:07','2013-04-09 04:22:07',''),(721,6,0,'2058','2013-04-09 04:22:07','2013-04-09 04:22:07',''),(722,7,0,'2058','2013-04-09 04:22:07','2013-04-09 04:22:07',''),(723,8,0,'2058','2013-04-09 04:22:07','2013-04-09 04:22:07',''),(724,9,5,'2058','2013-04-09 04:22:07','2013-04-09 04:22:07',''),(725,10,150,'2058','2013-04-09 04:22:07','2013-04-09 04:22:07','ใส่ตัวรีดน้ำในท่อ(4)/ไฟเชื่อมตัด(11)/ไฟเชื่อมตัด2ครั้ง(11)/ไฟเชื่อมตัดเกรดCหลายเส้น'),(726,11,5,'2058','2013-04-09 04:22:07','2013-04-09 04:22:07',''),(727,12,0,'2058','2013-04-09 04:22:07','2013-04-09 04:22:07',''),(728,13,0,'2058','2013-04-09 04:22:07','2013-04-09 04:22:07','รอมุงหลังคา(7)'),(729,1,0,'2059','2013-04-09 04:23:57','2013-04-09 04:23:57',''),(730,2,0,'2059','2013-04-09 04:23:57','2013-04-09 04:23:57',''),(731,3,0,'2059','2013-04-09 04:23:57','2013-04-09 04:23:57',''),(732,4,0,'2059','2013-04-09 04:23:57','2013-04-09 04:23:57',''),(733,5,0,'2059','2013-04-09 04:23:57','2013-04-09 04:23:57',''),(734,6,0,'2059','2013-04-09 04:23:57','2013-04-09 04:23:57',''),(735,7,0,'2059','2013-04-09 04:23:57','2013-04-09 04:23:57',''),(736,8,0,'2059','2013-04-09 04:23:57','2013-04-09 04:23:57',''),(737,9,0,'2059','2013-04-09 04:23:57','2013-04-09 04:23:57',''),(738,10,0,'2059','2013-04-09 04:23:57','2013-04-09 04:23:57',''),(739,11,0,'2059','2013-04-09 04:23:57','2013-04-09 04:23:57',''),(740,12,0,'2059','2013-04-09 04:23:57','2013-04-09 04:23:57',''),(741,13,5,'2059','2013-04-09 04:23:57','2013-04-09 04:23:57','ปรับเหล็กเดินช้า ไฟเชื่อมตัด(1)'),(742,1,0,'2060','2013-04-09 04:24:46','2013-04-09 04:24:46',''),(743,2,0,'2060','2013-04-09 04:24:46','2013-04-09 04:24:46',''),(744,3,5,'2060','2013-04-09 04:24:46','2013-04-09 04:31:03','ปรับโรล เดินช้า'),(745,4,0,'2060','2013-04-09 04:24:46','2013-04-09 04:24:46',''),(746,5,0,'2060','2013-04-09 04:24:46','2013-04-09 04:24:46',''),(747,6,0,'2060','2013-04-09 04:24:46','2013-04-09 04:24:46',''),(748,7,0,'2060','2013-04-09 04:24:46','2013-04-09 04:24:46',''),(749,8,0,'2060','2013-04-09 04:24:46','2013-04-09 04:24:46',''),(750,9,10,'2060','2013-04-09 04:24:46','2013-04-09 04:24:57',''),(751,10,0,'2060','2013-04-09 04:24:46','2013-04-09 04:24:46',''),(752,11,0,'2060','2013-04-09 04:24:46','2013-04-09 04:24:46',''),(753,12,0,'2060','2013-04-09 04:24:46','2013-04-09 04:24:46',''),(754,13,65,'2060','2013-04-09 04:24:46','2013-04-09 04:31:03','เหล็กขาดในกรง เดินเครื่องช้า เดินเร็วไม่ได้ ไฟเชื่อมตัด(3)/ ลิมิตค้างเหล็กชนหัวตัด(2)/ ไฟเชื่อมตัด(1) ตัวต่อขาดในเครื่อง เอาเหล็กเข้าใหม่(6)'),(755,1,0,'2070','2013-04-10 02:56:51','2013-04-10 02:56:51',''),(756,2,0,'2070','2013-04-10 02:56:51','2013-04-10 02:56:51',''),(757,3,15,'2070','2013-04-10 02:56:51','2013-04-10 03:16:02',''),(758,4,0,'2070','2013-04-10 02:56:51','2013-04-10 02:56:51',''),(759,5,0,'2070','2013-04-10 02:56:51','2013-04-10 02:56:51',''),(760,6,0,'2070','2013-04-10 02:56:51','2013-04-10 02:56:51',''),(761,7,0,'2070','2013-04-10 02:56:51','2013-04-10 02:56:51',''),(762,8,55,'2070','2013-04-10 02:56:51','2013-04-10 03:16:02','แกนกระบอกลมแค้มหลุด(11)'),(763,9,0,'2070','2013-04-10 02:56:51','2013-04-10 02:56:51',''),(764,10,0,'2070','2013-04-10 02:56:51','2013-04-10 02:56:51',''),(765,11,15,'2070','2013-04-10 02:56:51','2013-04-10 02:56:51',''),(766,12,0,'2070','2013-04-10 02:56:51','2013-04-10 02:56:51',''),(767,13,0,'2070','2013-04-10 02:56:51','2013-04-10 02:56:51',''),(768,1,0,'2063','2013-04-10 02:58:31','2013-04-10 02:58:31',''),(769,2,0,'2063','2013-04-10 02:58:31','2013-04-10 02:58:31',''),(770,3,10,'2063','2013-04-10 02:58:31','2013-04-10 02:58:31',''),(771,4,0,'2063','2013-04-10 02:58:31','2013-04-10 02:58:31',''),(772,5,0,'2063','2013-04-10 02:58:31','2013-04-10 02:58:31',''),(773,6,0,'2063','2013-04-10 02:58:31','2013-04-10 02:58:31',''),(774,7,0,'2063','2013-04-10 02:58:31','2013-04-10 02:58:31',''),(775,8,0,'2063','2013-04-10 02:58:31','2013-04-10 02:58:31',''),(776,9,5,'2063','2013-04-10 02:58:31','2013-04-10 02:58:31',''),(777,10,0,'2063','2013-04-10 02:58:31','2013-04-10 02:58:31',''),(778,11,0,'2063','2013-04-10 02:58:31','2013-04-10 02:58:31',''),(779,12,0,'2063','2013-04-10 02:58:31','2013-04-10 02:58:31',''),(780,13,0,'2063','2013-04-10 02:58:31','2013-04-10 02:58:31',''),(781,1,0,'2071','2013-04-10 03:04:03','2013-04-10 03:04:03',''),(782,2,0,'2071','2013-04-10 03:04:03','2013-04-10 03:04:03',''),(783,3,0,'2071','2013-04-10 03:04:03','2013-04-10 03:22:41',''),(784,4,0,'2071','2013-04-10 03:04:03','2013-04-10 03:04:03',''),(785,5,0,'2071','2013-04-10 03:04:03','2013-04-10 03:04:03',''),(786,6,0,'2071','2013-04-10 03:04:03','2013-04-10 03:04:03',''),(787,7,0,'2071','2013-04-10 03:04:03','2013-04-10 03:04:03',''),(788,8,30,'2071','2013-04-10 03:04:03','2013-04-10 03:22:41','ซ่อมสต๊อปเปอร์ใหม่(6)'),(789,9,15,'2071','2013-04-10 03:04:03','2013-04-10 03:22:41',''),(790,10,0,'2071','2013-04-10 03:04:03','2013-04-10 03:04:03',''),(791,11,10,'2071','2013-04-10 03:04:03','2013-04-10 03:22:41',''),(792,12,0,'2071','2013-04-10 03:04:03','2013-04-10 03:04:03',''),(793,13,25,'2071','2013-04-10 03:04:03','2013-04-10 03:22:41','ล้างมือ(1)/ขึ้นฟิล์ม(2)/ไม่มีคนขึ้นฟิล์ม(2)'),(794,1,0,'2064','2013-04-10 03:09:17','2013-04-10 03:09:17',''),(795,2,0,'2064','2013-04-10 03:09:17','2013-04-10 03:09:17',''),(796,3,10,'2064','2013-04-10 03:09:17','2013-04-10 03:09:17','เริ่มเดิน4\"x1.9 (ส้ม) เวลา 18.25'),(797,4,0,'2064','2013-04-10 03:09:17','2013-04-10 03:09:17',''),(798,5,0,'2064','2013-04-10 03:09:17','2013-04-10 03:09:17',''),(799,6,0,'2064','2013-04-10 03:09:17','2013-04-10 03:09:17',''),(800,7,0,'2064','2013-04-10 03:09:17','2013-04-10 03:09:17',''),(801,8,35,'2064','2013-04-10 03:09:17','2013-04-10 03:09:17','ตักตัวรีดน้ำมันออกเหล็กเป็นรอย(7)'),(802,9,0,'2064','2013-04-10 03:09:17','2013-04-10 03:09:17',''),(803,10,0,'2064','2013-04-10 03:09:17','2013-04-10 03:09:17',''),(804,11,0,'2064','2013-04-10 03:09:17','2013-04-10 03:09:17',''),(805,12,0,'2064','2013-04-10 03:09:17','2013-04-10 03:09:17',''),(806,13,0,'2064','2013-04-10 03:09:17','2013-04-10 03:09:17',''),(807,1,0,'2065','2013-04-10 03:24:51','2013-04-10 03:24:51',''),(808,2,0,'2065','2013-04-10 03:24:51','2013-04-10 03:24:51',''),(809,3,0,'2065','2013-04-10 03:24:51','2013-04-10 03:24:51',''),(810,4,110,'2065','2013-04-10 03:24:51','2013-04-10 03:26:46',''),(811,5,0,'2065','2013-04-10 03:24:51','2013-04-10 03:24:51',''),(812,6,0,'2065','2013-04-10 03:24:51','2013-04-10 03:24:51',''),(813,7,0,'2065','2013-04-10 03:24:51','2013-04-10 03:24:51',''),(814,8,0,'2065','2013-04-10 03:24:51','2013-04-10 03:24:51',''),(815,9,0,'2065','2013-04-10 03:24:51','2013-04-10 03:24:51',''),(816,10,0,'2065','2013-04-10 03:24:51','2013-04-10 03:24:51',''),(817,11,15,'2065','2013-04-10 03:24:51','2013-04-10 03:24:51',''),(818,12,0,'2065','2013-04-10 03:24:51','2013-04-10 03:24:51',''),(819,13,130,'2065','2013-04-10 03:24:51','2013-04-10 03:26:46','รอใบเลื่อย(4)/เปลี่ยนหลังคา(22)'),(820,1,0,'2073','2013-04-10 03:34:17','2013-04-10 03:34:17',''),(821,2,0,'2073','2013-04-10 03:34:17','2013-04-10 03:34:17',''),(822,3,0,'2073','2013-04-10 03:34:17','2013-04-10 08:04:38',''),(823,4,0,'2073','2013-04-10 03:34:17','2013-04-10 03:34:17',''),(824,5,0,'2073','2013-04-10 03:34:17','2013-04-10 03:34:17',''),(825,6,40,'2073','2013-04-10 03:34:17','2013-04-10 03:34:17',''),(826,7,0,'2073','2013-04-10 03:34:17','2013-04-10 08:04:38',''),(827,8,0,'2073','2013-04-10 03:34:17','2013-04-10 03:34:17',''),(828,9,150,'2073','2013-04-10 03:34:17','2013-04-10 08:04:38','จอดลับมีด(30)/รอลับมีด(4)'),(829,10,0,'2073','2013-04-10 03:34:17','2013-04-10 03:34:17',''),(830,11,15,'2073','2013-04-10 03:34:17','2013-04-10 03:34:17',''),(831,12,0,'2073','2013-04-10 03:34:17','2013-04-10 03:34:17',''),(832,13,0,'2073','2013-04-10 03:34:17','2013-04-10 03:34:17',''),(833,1,0,'2067','2013-04-10 03:38:43','2013-04-10 03:38:43',''),(834,2,0,'2067','2013-04-10 03:38:43','2013-04-10 03:38:43',''),(835,3,0,'2067','2013-04-10 03:38:43','2013-04-10 03:38:43',''),(836,4,0,'2067','2013-04-10 03:38:43','2013-04-10 03:38:43',''),(837,5,0,'2067','2013-04-10 03:38:43','2013-04-10 03:38:43',''),(838,6,0,'2067','2013-04-10 03:38:43','2013-04-10 03:38:43',''),(839,7,0,'2067','2013-04-10 03:38:43','2013-04-10 03:38:43',''),(840,8,100,'2067','2013-04-10 03:38:43','2013-04-10 03:38:43','ลูกปืนแสตนแตก (ตัวที่ 3)'),(841,9,10,'2067','2013-04-10 03:38:43','2013-04-10 03:38:43',''),(842,10,0,'2067','2013-04-10 03:38:43','2013-04-10 03:38:43',''),(843,11,10,'2067','2013-04-10 03:38:43','2013-04-10 03:38:43',''),(844,12,0,'2067','2013-04-10 03:38:43','2013-04-10 03:38:43',''),(845,13,0,'2067','2013-04-10 03:38:43','2013-04-10 03:38:43',''),(846,1,0,'2068','2013-04-10 03:40:29','2013-04-10 03:40:29',''),(847,2,0,'2068','2013-04-10 03:40:29','2013-04-10 03:40:29',''),(848,3,0,'2068','2013-04-10 03:40:29','2013-04-10 03:40:29',''),(849,4,0,'2068','2013-04-10 03:40:29','2013-04-10 03:40:29',''),(850,5,0,'2068','2013-04-10 03:40:29','2013-04-10 03:40:29',''),(851,6,0,'2068','2013-04-10 03:40:29','2013-04-10 03:40:29',''),(852,7,0,'2068','2013-04-10 03:40:29','2013-04-10 03:40:29',''),(853,8,0,'2068','2013-04-10 03:40:29','2013-04-10 03:40:29',''),(854,9,10,'2068','2013-04-10 03:40:29','2013-04-10 03:40:29',''),(855,10,0,'2068','2013-04-10 03:40:29','2013-04-10 03:40:29',''),(856,11,0,'2068','2013-04-10 03:40:29','2013-04-10 03:40:29',''),(857,12,0,'2068','2013-04-10 03:40:29','2013-04-10 03:40:29',''),(858,13,15,'2068','2013-04-10 03:40:29','2013-04-10 03:40:29','เปลี่ยนความหนา(3\" เขียว)'),(859,1,0,'2074','2013-04-10 03:42:06','2013-04-10 03:42:06',''),(860,2,0,'2074','2013-04-10 03:42:06','2013-04-10 03:42:06',''),(861,3,0,'2074','2013-04-10 03:42:06','2013-04-10 03:42:06',''),(862,4,0,'2074','2013-04-10 03:42:06','2013-04-10 03:42:06',''),(863,5,0,'2074','2013-04-10 03:42:06','2013-04-10 03:42:06',''),(864,6,0,'2074','2013-04-10 03:42:06','2013-04-10 03:42:06',''),(865,7,0,'2074','2013-04-10 03:42:06','2013-04-10 03:42:06',''),(866,8,0,'2074','2013-04-10 03:42:06','2013-04-10 03:42:06',''),(867,9,0,'2074','2013-04-10 03:42:06','2013-04-10 03:42:06',''),(868,10,0,'2074','2013-04-10 03:42:06','2013-04-10 03:42:06',''),(869,11,0,'2074','2013-04-10 03:42:06','2013-04-10 03:42:06',''),(870,12,0,'2074','2013-04-10 03:42:06','2013-04-10 03:42:06',''),(871,13,10,'2074','2013-04-10 03:42:06','2013-04-10 03:42:06','เปลี่ยนความหนา(3\" ชมพู)'),(872,1,0,'2069','2013-04-10 03:46:59','2013-04-10 03:46:59',''),(873,2,0,'2069','2013-04-10 03:46:59','2013-04-10 03:46:59',''),(874,3,0,'2069','2013-04-10 03:46:59','2013-04-10 03:46:59',''),(875,4,0,'2069','2013-04-10 03:46:59','2013-04-10 03:46:59',''),(876,5,0,'2069','2013-04-10 03:46:59','2013-04-10 03:46:59',''),(877,6,0,'2069','2013-04-10 03:46:59','2013-04-10 03:46:59',''),(878,7,0,'2069','2013-04-10 03:46:59','2013-04-10 03:46:59',''),(879,8,20,'2069','2013-04-10 03:46:59','2013-04-10 03:46:59','สายน้ำมันไฮดรอริคแตก ซ่อมบำรุงอยู่(4)'),(880,9,0,'2069','2013-04-10 03:46:59','2013-04-10 03:46:59',''),(881,10,0,'2069','2013-04-10 03:46:59','2013-04-10 03:46:59',''),(882,11,0,'2069','2013-04-10 03:46:59','2013-04-10 03:46:59',''),(883,12,360,'2069','2013-04-10 03:46:59','2013-04-10 03:46:59','ทำความสะอาดเครื่อง(72)'),(884,13,50,'2069','2013-04-10 03:46:59','2013-04-10 03:46:59','สายพานเส้นเอ้าหลุด(10)'),(885,1,0,'2072','2013-04-10 08:03:26','2013-04-10 08:03:26',''),(886,2,0,'2072','2013-04-10 08:03:26','2013-04-10 08:03:26',''),(887,3,35,'2072','2013-04-10 08:03:26','2013-04-10 08:03:26',''),(888,4,0,'2072','2013-04-10 08:03:26','2013-04-10 08:03:26',''),(889,5,0,'2072','2013-04-10 08:03:26','2013-04-10 08:03:26',''),(890,6,0,'2072','2013-04-10 08:03:26','2013-04-10 08:03:26',''),(891,7,0,'2072','2013-04-10 08:03:26','2013-04-10 08:03:26',''),(892,8,0,'2072','2013-04-10 08:03:26','2013-04-10 08:03:26',''),(893,9,20,'2072','2013-04-10 08:03:26','2013-04-10 08:03:26',''),(894,10,0,'2072','2013-04-10 08:03:26','2013-04-10 08:03:26',''),(895,11,0,'2072','2013-04-10 08:03:26','2013-04-10 08:03:26',''),(896,12,0,'2072','2013-04-10 08:03:26','2013-04-10 08:03:26',''),(897,13,0,'2072','2013-04-10 08:03:26','2013-04-10 08:03:26',''),(898,1,0,'2075','2013-04-17 02:29:08','2013-04-17 02:29:08',''),(899,2,0,'2075','2013-04-17 02:29:08','2013-04-17 02:29:08',''),(900,3,0,'2075','2013-04-17 02:29:08','2013-04-17 02:29:08',''),(901,4,0,'2075','2013-04-17 02:29:08','2013-04-17 02:29:08',''),(902,5,0,'2075','2013-04-17 02:29:08','2013-04-17 02:29:08',''),(903,6,0,'2075','2013-04-17 02:29:08','2013-04-17 02:29:08',''),(904,7,0,'2075','2013-04-17 02:29:08','2013-04-17 02:29:08',''),(905,8,155,'2075','2013-04-17 02:29:08','2013-04-17 02:32:24','ประกอบกระบอกลมแค้ม/ไม่มีคนขึ้นฟิล์ม(31)'),(906,9,0,'2075','2013-04-17 02:29:08','2013-04-17 02:29:08',''),(907,10,0,'2075','2013-04-17 02:29:08','2013-04-17 02:29:08',''),(908,11,0,'2075','2013-04-17 02:29:08','2013-04-17 02:29:08',''),(909,12,60,'2075','2013-04-17 02:29:08','2013-04-17 04:23:21','ทำความสะอาดหมุด(12)'),(910,13,0,'2075','2013-04-17 02:29:08','2013-04-17 02:29:08',''),(911,1,0,'2076','2013-04-17 02:35:00','2013-04-17 02:35:00',''),(912,2,0,'2076','2013-04-17 02:35:00','2013-04-17 02:35:00',''),(913,3,0,'2076','2013-04-17 02:35:00','2013-04-17 02:35:00',''),(914,4,0,'2076','2013-04-17 02:35:00','2013-04-17 02:35:00',''),(915,5,0,'2076','2013-04-17 02:35:00','2013-04-17 02:35:00',''),(916,6,0,'2076','2013-04-17 02:35:00','2013-04-17 02:35:00',''),(917,7,0,'2076','2013-04-17 02:35:00','2013-04-17 02:35:00',''),(918,8,135,'2076','2013-04-17 02:35:00','2013-04-17 02:37:36','ซ่อมกระบอกลมตัวถีบ(12)/เอาลูกรีดไปล้าง เหล็กเป็นรอย(15)'),(919,9,5,'2076','2013-04-17 02:35:00','2013-04-17 04:22:19',''),(920,10,0,'2076','2013-04-17 02:35:00','2013-04-17 02:35:00',''),(921,11,0,'2076','2013-04-17 02:35:00','2013-04-17 02:35:00',''),(922,12,60,'2076','2013-04-17 02:35:00','2013-04-17 02:37:36','ทำความสะอาดเครื่อง(12)'),(923,13,20,'2076','2013-04-17 02:35:00','2013-04-17 02:37:36','ไม่มีคนขึ้นฟิล์ม'),(924,1,0,'2077','2013-04-17 02:41:28','2013-04-17 02:41:28',''),(925,2,0,'2077','2013-04-17 02:41:28','2013-04-17 02:41:28',''),(926,3,0,'2077','2013-04-17 02:41:28','2013-04-17 02:41:28',''),(927,4,190,'2077','2013-04-17 02:41:28','2013-04-17 02:41:28','รอฟิล์ม(38)'),(928,5,0,'2077','2013-04-17 02:41:28','2013-04-17 02:41:28',''),(929,6,0,'2077','2013-04-17 02:41:28','2013-04-17 02:41:28',''),(930,7,0,'2077','2013-04-17 02:41:28','2013-04-17 02:41:28',''),(931,8,0,'2077','2013-04-17 02:41:28','2013-04-17 02:41:28',''),(932,9,0,'2077','2013-04-17 02:41:28','2013-04-17 02:41:28',''),(933,10,0,'2077','2013-04-17 02:41:28','2013-04-17 02:41:28',''),(934,11,15,'2077','2013-04-17 02:41:28','2013-04-17 02:41:28','ประชุม(3)'),(935,12,120,'2077','2013-04-17 02:41:28','2013-04-17 04:24:40','ทำความสะอาดเครื่อง(24)'),(936,13,0,'2077','2013-04-17 02:41:28','2013-04-17 02:41:28',''),(937,1,0,'2078','2013-04-17 02:44:24','2013-04-17 02:44:24',''),(938,2,0,'2078','2013-04-17 02:44:24','2013-04-17 02:44:24',''),(939,3,0,'2078','2013-04-17 02:44:24','2013-04-17 02:44:24',''),(940,4,0,'2078','2013-04-17 02:44:24','2013-04-17 02:44:24',''),(941,5,0,'2078','2013-04-17 02:44:24','2013-04-17 02:44:24',''),(942,6,25,'2078','2013-04-17 02:44:24','2013-04-17 02:44:24','รอขึ้นของ(5)'),(943,7,0,'2078','2013-04-17 02:44:24','2013-04-17 02:44:24',''),(944,8,0,'2078','2013-04-17 02:44:24','2013-04-17 02:44:24',''),(945,9,60,'2078','2013-04-17 02:44:24','2013-04-17 02:44:24','จอดลับมีด(12)'),(946,10,0,'2078','2013-04-17 02:44:24','2013-04-17 02:44:24',''),(947,11,15,'2078','2013-04-17 02:44:24','2013-04-17 02:44:24','ประชุม(3)'),(948,12,60,'2078','2013-04-17 02:44:24','2013-04-17 02:44:24','ทำความสะอาดเครื่อง(12)'),(949,13,0,'2078','2013-04-17 02:44:24','2013-04-17 02:44:24',''),(950,1,0,'2079','2013-04-17 02:47:07','2013-04-17 02:47:07',''),(951,2,0,'2079','2013-04-17 02:47:07','2013-04-17 02:47:07',''),(952,3,0,'2079','2013-04-17 02:47:07','2013-04-17 02:47:07',''),(953,4,0,'2079','2013-04-17 02:47:07','2013-04-17 02:47:07',''),(954,5,0,'2079','2013-04-17 02:47:07','2013-04-17 02:47:07',''),(955,6,0,'2079','2013-04-17 02:47:07','2013-04-17 02:47:07',''),(956,7,0,'2079','2013-04-17 02:47:07','2013-04-17 02:47:07',''),(957,8,0,'2079','2013-04-17 02:47:07','2013-04-17 02:47:07',''),(958,9,10,'2079','2013-04-17 02:47:07','2013-04-17 02:47:07','เปลี่ยนใบเลื่อย(2)'),(959,10,0,'2079','2013-04-17 02:47:07','2013-04-17 02:47:07',''),(960,11,10,'2079','2013-04-17 02:47:07','2013-04-17 02:47:07','ประชุม(2)'),(961,12,60,'2079','2013-04-17 02:47:07','2013-04-17 02:47:07','ทำความสะอาดเครื่อง(12)'),(962,13,0,'2079','2013-04-17 02:47:07','2013-04-17 02:47:07',''),(963,1,0,'2080','2013-04-17 02:49:03','2013-04-17 02:49:03',''),(964,2,0,'2080','2013-04-17 02:49:03','2013-04-17 02:49:03',''),(965,3,0,'2080','2013-04-17 02:49:03','2013-04-17 02:49:03',''),(966,4,0,'2080','2013-04-17 02:49:03','2013-04-17 02:49:03',''),(967,5,0,'2080','2013-04-17 02:49:03','2013-04-17 02:49:03',''),(968,6,0,'2080','2013-04-17 02:49:03','2013-04-17 02:49:03',''),(969,7,0,'2080','2013-04-17 02:49:03','2013-04-17 02:49:03',''),(970,8,0,'2080','2013-04-17 02:49:03','2013-04-17 02:49:03',''),(971,9,10,'2080','2013-04-17 02:49:03','2013-04-17 02:49:03','เปลี่ยนใบเลื่อย(2)'),(972,10,0,'2080','2013-04-17 02:49:03','2013-04-17 02:49:03',''),(973,11,0,'2080','2013-04-17 02:49:03','2013-04-17 02:49:03',''),(974,12,0,'2080','2013-04-17 02:49:03','2013-04-17 02:49:03',''),(975,13,10,'2080','2013-04-17 02:49:03','2013-04-17 06:55:40','ช่างมาเช็คไฟเชื่อม'),(976,1,0,'2081','2013-04-17 02:52:52','2013-04-17 02:52:52',''),(977,2,0,'2081','2013-04-17 02:52:52','2013-04-17 02:52:52',''),(978,3,0,'2081','2013-04-17 02:52:52','2013-04-17 02:52:52',''),(979,4,0,'2081','2013-04-17 02:52:52','2013-04-17 02:52:52',''),(980,5,0,'2081','2013-04-17 02:52:52','2013-04-17 02:52:52',''),(981,6,0,'2081','2013-04-17 02:52:52','2013-04-17 02:52:52',''),(982,7,0,'2081','2013-04-17 02:52:52','2013-04-17 02:52:52',''),(983,8,0,'2081','2013-04-17 02:52:52','2013-04-17 02:52:52',''),(984,9,0,'2081','2013-04-17 02:52:52','2013-04-17 02:52:52',''),(985,10,0,'2081','2013-04-17 02:52:52','2013-04-17 02:52:52',''),(986,11,0,'2081','2013-04-17 02:52:52','2013-04-17 02:52:52',''),(987,12,45,'2081','2013-04-17 02:52:52','2013-04-17 02:52:52','ทำความสะอาดเครื่อง(9)'),(988,13,25,'2081','2013-04-17 02:52:52','2013-04-17 02:52:52','เปลี่ยนคอยใหม่ คอยไม่ดี'),(989,1,0,'2082','2013-04-18 02:42:12','2013-04-18 02:42:12',''),(990,2,0,'2082','2013-04-18 02:42:12','2013-04-18 02:42:12',''),(991,3,0,'2082','2013-04-18 02:42:12','2013-04-18 02:42:12',''),(992,4,30,'2082','2013-04-18 02:42:12','2013-04-18 02:42:12','รอฟิล์ม(6)'),(993,5,0,'2082','2013-04-18 02:42:12','2013-04-18 02:42:12',''),(994,6,0,'2082','2013-04-18 02:42:12','2013-04-18 02:42:12',''),(995,7,0,'2082','2013-04-18 02:42:12','2013-04-18 02:42:12',''),(996,8,0,'2082','2013-04-18 02:42:12','2013-04-18 02:42:12',''),(997,9,30,'2082','2013-04-18 02:42:12','2013-04-18 02:42:12','เปลี่ยนใบเลื่อย(6)'),(998,10,0,'2082','2013-04-18 02:42:12','2013-04-18 02:42:12',''),(999,11,0,'2082','2013-04-18 02:42:12','2013-04-18 02:42:12',''),(1000,12,0,'2082','2013-04-18 02:42:12','2013-04-18 02:42:12',''),(1001,13,20,'2082','2013-04-18 02:42:12','2013-04-18 02:42:12','เตรียมเครื่อง ตรวจสอบความเรียบร้อย(4)'),(1002,1,0,'2083','2013-04-18 02:44:43','2013-04-18 02:44:43',''),(1003,2,0,'2083','2013-04-18 02:44:43','2013-04-18 02:44:43',''),(1004,3,5,'2083','2013-04-18 02:44:43','2013-04-18 02:44:43','ปรับโรล(1)'),(1005,4,20,'2083','2013-04-18 02:44:43','2013-04-18 02:44:43','รอฟิล์ม(4)'),(1006,5,0,'2083','2013-04-18 02:44:43','2013-04-18 02:44:43',''),(1007,6,0,'2083','2013-04-18 02:44:43','2013-04-18 02:44:43',''),(1008,7,0,'2083','2013-04-18 02:44:43','2013-04-18 02:44:43',''),(1009,8,0,'2083','2013-04-18 02:44:43','2013-04-18 02:44:43',''),(1010,9,10,'2083','2013-04-18 02:44:43','2013-04-18 02:44:43','เปลี่ยนใบเลื่อย(2)'),(1011,10,0,'2083','2013-04-18 02:44:43','2013-04-18 02:44:43',''),(1012,11,0,'2083','2013-04-18 02:44:43','2013-04-18 02:44:43',''),(1013,12,0,'2083','2013-04-18 02:44:43','2013-04-18 02:44:43',''),(1014,13,5,'2083','2013-04-18 02:44:43','2013-04-18 02:44:43','เปลี่ยนขนาดใหม่(1)'),(1015,1,0,'2084','2013-04-18 02:46:41','2013-04-18 02:46:41',''),(1016,2,0,'2084','2013-04-18 02:46:41','2013-04-18 02:46:41',''),(1017,3,15,'2084','2013-04-18 02:46:41','2013-04-18 02:46:41','ปรับโรล(3)'),(1018,4,0,'2084','2013-04-18 02:46:41','2013-04-18 02:46:41',''),(1019,5,15,'2084','2013-04-18 02:46:41','2013-04-18 02:46:41','รอคำสั่งผลิต(3)'),(1020,6,0,'2084','2013-04-18 02:46:41','2013-04-18 02:46:41',''),(1021,7,0,'2084','2013-04-18 02:46:41','2013-04-18 02:46:41',''),(1022,8,0,'2084','2013-04-18 02:46:41','2013-04-18 02:46:42',''),(1023,9,15,'2084','2013-04-18 02:46:42','2013-04-18 06:19:36','เปลี่ยนใบเลื่อย(2)'),(1024,10,0,'2084','2013-04-18 02:46:42','2013-04-18 02:46:42',''),(1025,11,0,'2084','2013-04-18 02:46:42','2013-04-18 02:46:42',''),(1026,12,0,'2084','2013-04-18 02:46:42','2013-04-18 02:46:42',''),(1027,13,0,'2084','2013-04-18 02:46:42','2013-04-18 02:46:42',''),(1028,1,0,'2085','2013-04-18 02:50:28','2013-04-18 02:50:28',''),(1029,2,0,'2085','2013-04-18 02:50:28','2013-04-18 02:50:28',''),(1030,3,0,'2085','2013-04-18 02:50:28','2013-04-18 02:50:28',''),(1031,4,0,'2085','2013-04-18 02:50:28','2013-04-18 02:50:28',''),(1032,5,0,'2085','2013-04-18 02:50:28','2013-04-18 02:50:28',''),(1033,6,0,'2085','2013-04-18 02:50:28','2013-04-18 02:50:28',''),(1034,7,0,'2085','2013-04-18 02:50:28','2013-04-18 02:50:28',''),(1035,8,0,'2085','2013-04-18 02:50:28','2013-04-18 02:50:28',''),(1036,9,5,'2085','2013-04-18 02:50:28','2013-04-18 02:50:28','เปลี่ยนใบเลื่อย(1)'),(1037,10,0,'2085','2013-04-18 02:50:28','2013-04-18 02:50:28',''),(1038,11,0,'2085','2013-04-18 02:50:28','2013-04-18 02:50:28',''),(1039,12,0,'2085','2013-04-18 02:50:28','2013-04-18 02:50:28',''),(1040,13,40,'2085','2013-04-18 02:50:28','2013-04-18 02:50:28','รอคนเข้าเครื่อง(6)/เหล็กปีนตัวบังคับปีก(1)/ล้างมือ(1)'),(1041,1,0,'2086','2013-04-18 02:56:20','2013-04-18 02:56:20',''),(1042,2,0,'2086','2013-04-18 02:56:20','2013-04-18 02:56:20',''),(1043,3,0,'2086','2013-04-18 02:56:20','2013-04-18 02:56:20',''),(1044,4,45,'2086','2013-04-18 02:56:20','2013-04-18 02:56:20','รอฟิล์ม(9)'),(1045,5,0,'2086','2013-04-18 02:56:20','2013-04-18 02:56:20',''),(1046,6,0,'2086','2013-04-18 02:56:20','2013-04-18 02:56:20',''),(1047,7,0,'2086','2013-04-18 02:56:20','2013-04-18 02:56:20',''),(1048,8,0,'2086','2013-04-18 02:56:20','2013-04-18 02:56:20',''),(1049,9,0,'2086','2013-04-18 02:56:20','2013-04-18 02:56:20',''),(1050,10,0,'2086','2013-04-18 02:56:20','2013-04-18 02:56:20',''),(1051,11,0,'2086','2013-04-18 02:56:20','2013-04-18 02:56:20',''),(1052,12,0,'2086','2013-04-18 02:56:20','2013-04-18 02:56:20',''),(1053,13,60,'2086','2013-04-18 02:56:20','2013-04-18 02:56:20','หัวพ่นสuตัน(4)/ลูกปืนชุดบังคับปีกแตก(5)/หัวพ่นสีมีปัญหา(3)'),(1054,1,0,'2087','2013-04-18 03:04:22','2013-04-18 03:04:22',''),(1055,2,0,'2087','2013-04-18 03:04:22','2013-04-18 03:04:22',''),(1056,3,0,'2087','2013-04-18 03:04:22','2013-04-18 03:04:22',''),(1057,4,0,'2087','2013-04-18 03:04:22','2013-04-18 03:04:22',''),(1058,5,0,'2087','2013-04-18 03:04:22','2013-04-18 03:04:22',''),(1059,6,0,'2087','2013-04-18 03:04:22','2013-04-18 03:04:22',''),(1060,7,0,'2087','2013-04-18 03:04:22','2013-04-18 03:04:22',''),(1061,8,240,'2087','2013-04-18 03:04:22','2013-04-18 03:04:22','เครื่องเสีย คัปปิ้งปั้มเหวี่ยง/หล่อเย็นแตก พนักงานต่อเหล็กไม่มี'),(1062,9,0,'2087','2013-04-18 03:04:22','2013-04-18 03:04:22',''),(1063,10,0,'2087','2013-04-18 03:04:22','2013-04-18 03:04:22',''),(1064,11,15,'2087','2013-04-18 03:04:22','2013-04-18 03:04:22','เข้าแถวเช็คความพร้อม(3)'),(1065,12,0,'2087','2013-04-18 03:04:22','2013-04-18 03:04:22',''),(1066,13,0,'2087','2013-04-18 03:04:22','2013-04-18 03:04:22',''),(1067,1,0,'2088','2013-04-18 03:07:13','2013-04-18 03:07:13',''),(1068,2,0,'2088','2013-04-18 03:07:13','2013-04-18 03:07:13',''),(1069,3,0,'2088','2013-04-18 03:07:13','2013-04-18 03:07:13',''),(1070,4,0,'2088','2013-04-18 03:07:13','2013-04-18 03:07:13',''),(1071,5,170,'2088','2013-04-18 03:07:13','2013-04-18 03:07:13',''),(1072,6,0,'2088','2013-04-18 03:07:13','2013-04-18 03:07:13',''),(1073,7,0,'2088','2013-04-18 03:07:13','2013-04-18 03:07:13',''),(1074,8,0,'2088','2013-04-18 03:07:13','2013-04-18 03:07:13',''),(1075,9,10,'2088','2013-04-18 03:07:13','2013-04-18 03:07:13','เปลี่ยนใบเลื่อย(2)'),(1076,10,0,'2088','2013-04-18 03:07:13','2013-04-18 03:07:13',''),(1077,11,0,'2088','2013-04-18 03:07:13','2013-04-18 03:07:13',''),(1078,12,0,'2088','2013-04-18 03:07:13','2013-04-18 03:07:13',''),(1079,13,55,'2088','2013-04-18 03:07:13','2013-04-18 03:07:13','เหล็กพลิกขาดในเครื่อง ตัดเอาเหล็กเข้าใหม่/(เดินช้าเหล็กไม่ดีมากๆ)');
/*!40000 ALTER TABLE `productiondetails` ENABLE KEYS */;
UNLOCK TABLES;

--
-- Table structure for table `productionreasons`
--

DROP TABLE IF EXISTS `productionreasons`;
/*!40101 SET @saved_cs_client     = @@character_set_client */;
/*!40101 SET character_set_client = utf8 */;
CREATE TABLE `productionreasons` (
  `id` int(11) NOT NULL AUTO_INCREMENT,
  `mc_id` varchar(255) COLLATE utf8_unicode_ci DEFAULT NULL,
  `seq` int(11) DEFAULT NULL,
  `description` varchar(255) COLLATE utf8_unicode_ci DEFAULT NULL,
  `created_at` datetime NOT NULL,
  `updated_at` datetime NOT NULL,
  PRIMARY KEY (`id`)
) ENGINE=InnoDB AUTO_INCREMENT=40 DEFAULT CHARSET=utf8 COLLATE=utf8_unicode_ci;
/*!40101 SET character_set_client = @saved_cs_client */;

--
-- Dumping data for table `productionreasons`
--

LOCK TABLES `productionreasons` WRITE;
/*!40000 ALTER TABLE `productionreasons` DISABLE KEYS */;
INSERT INTO `productionreasons` VALUES (1,NULL,1,'ปกติ','2013-03-27 09:46:58','2013-03-27 09:46:58'),(2,NULL,2,'เปลี่ยนลูกรีด','2013-03-27 09:47:12','2013-03-27 09:47:12'),(3,NULL,3,'ปรับโรล','2013-03-27 09:47:12','2013-03-27 09:47:12'),(4,NULL,4,'รอฟิล์ม','2013-03-27 09:47:12','2013-03-27 09:47:12'),(5,NULL,5,'รอคำสั่งผลิต','2013-03-27 09:47:12','2013-03-27 09:47:12'),(6,NULL,6,'รอขึ้นของ','2013-03-27 09:47:12','2013-03-27 09:47:12'),(7,NULL,7,'เครนเสีย','2013-03-27 09:47:12','2013-03-27 09:47:12'),(8,NULL,8,'เครื่องเสีย','2013-03-27 09:47:12','2013-03-27 09:47:12'),(9,NULL,9,'เปลี่ยนใบเลื่อย','2013-03-27 09:47:12','2013-03-27 09:47:12'),(10,NULL,10,'ซ่อมบำรุง','2013-03-27 09:47:12','2013-03-27 09:47:12'),(11,NULL,11,'ประชุม','2013-03-27 09:47:12','2013-03-27 09:47:12'),(12,NULL,12,'ทำความสะอาด','2013-03-27 09:47:12','2013-03-27 09:47:12'),(13,NULL,13,'อื่นๆ','2013-03-27 09:47:12','2013-03-27 09:47:12'),(14,'10',1,'ปกติ','2013-03-27 09:47:12','2013-03-27 09:47:12'),(15,'10',2,'เปลี่ยนมีด','2013-03-27 09:47:12','2013-03-27 09:47:12'),(16,'10',3,'ตั้งมีด','2013-03-27 09:47:12','2013-03-27 09:47:12'),(17,'10',4,'รอฟิล์ม','2013-03-27 09:47:12','2013-03-27 09:47:12'),(18,'10',5,'รอคำสั่งผลิต','2013-03-27 09:47:12','2013-03-27 09:47:12'),(19,'10',6,'เอาเหล็กออก','2013-03-27 09:47:12','2013-03-27 09:47:12'),(20,'10',7,'เอาเหล็กเข้า','2013-03-27 09:47:12','2013-03-27 09:47:12'),(21,'10',8,'เครนเสีย','2013-03-27 09:47:12','2013-03-27 09:47:12'),(22,'10',9,'เครื่่องเสีย','2013-03-27 09:47:12','2013-03-27 09:47:12'),(23,'10',10,'ซ่อมบำรุง','2013-03-27 09:47:12','2013-03-27 09:47:12'),(24,'10',11,'ประชุม','2013-03-27 09:47:12','2013-03-27 09:47:12'),(25,'10',12,'ทำความสะอาด','2013-03-27 09:47:12','2013-03-27 09:47:12'),(26,'10',13,'อื่นๆ','2013-03-27 09:47:12','2013-03-27 09:47:12'),(27,'11',1,'ปกติ','2013-03-27 09:47:12','2013-03-27 09:47:12'),(28,'11',2,'เปลี่ยนมีด','2013-03-27 09:47:12','2013-03-27 09:47:12'),(29,'11',3,'ตั้งมีด','2013-03-27 09:47:12','2013-03-27 09:47:12'),(30,'11',4,'รอฟิล์ม','2013-03-27 09:47:12','2013-03-27 09:47:12'),(31,'11',5,'รอคำสั่งผลิต','2013-03-27 09:47:12','2013-03-27 09:47:12'),(32,'11',6,'เอาเหล็กออก','2013-03-27 09:47:12','2013-03-27 09:47:12'),(33,'11',7,'เอาเหล็กเข้า','2013-03-27 09:47:12','2013-03-27 09:47:12'),(34,'11',8,'เครนเสีย','2013-03-27 09:47:12','2013-03-27 09:47:12'),(35,'11',9,'เครื่่องเสีย','2013-03-27 09:47:12','2013-03-27 09:47:12'),(36,'11',10,'ซ่อมบำรุง','2013-03-27 09:47:12','2013-03-27 09:47:12'),(37,'11',11,'ประชุม','2013-03-27 09:47:12','2013-03-27 09:47:12'),(38,'11',12,'ทำความสะอาด','2013-03-27 09:47:12','2013-03-27 09:47:12'),(39,'11',13,'อื่นๆ','2013-03-27 09:47:12','2013-03-27 09:47:12');
/*!40000 ALTER TABLE `productionreasons` ENABLE KEYS */;
UNLOCK TABLES;

--
-- Table structure for table `productions`
--

DROP TABLE IF EXISTS `productions`;
/*!40101 SET @saved_cs_client     = @@character_set_client */;
/*!40101 SET character_set_client = utf8 */;
CREATE TABLE `productions` (
  `id` int(11) NOT NULL AUTO_INCREMENT,
  `plannedtime` int(11) DEFAULT NULL,
  `staff` varchar(255) COLLATE utf8_unicode_ci DEFAULT NULL,
  `fg_ukey` varchar(255) COLLATE utf8_unicode_ci DEFAULT NULL,
  `created_at` datetime NOT NULL,
  `updated_at` datetime NOT NULL,
  `downtime` int(11) DEFAULT NULL,
  `scrap` int(11) DEFAULT NULL,
  PRIMARY KEY (`id`)
) ENGINE=InnoDB AUTO_INCREMENT=2089 DEFAULT CHARSET=utf8 COLLATE=utf8_unicode_ci;
/*!40101 SET character_set_client = @saved_cs_client */;

--
-- Dumping data for table `productions`
--

LOCK TABLES `productions` WRITE;
/*!40000 ALTER TABLE `productions` DISABLE KEYS */;
INSERT INTO `productions` VALUES (1,NULL,'3','23-03-2013-J3X4-2','2013-03-25 07:56:28','2013-03-25 09:49:49',NULL,NULL),(2,NULL,'3','23-03-2013-i54X2-2','2013-03-25 07:56:28','2013-03-25 09:49:49',NULL,NULL),(3,480,'2','23-03-2013-i56X3-4','2013-03-25 07:56:28','2013-03-25 08:56:50',NULL,NULL),(4,NULL,'0','23-03-2013-i46X3-6','2013-03-25 07:56:28','2013-03-25 09:03:43',NULL,NULL),(5,NULL,'0','23-03-2013-i44X3-6','2013-03-25 07:56:28','2013-03-25 09:03:43',NULL,NULL),(6,NULL,'0','23-03-2013-i46X3-16','2013-03-25 07:56:28','2013-03-25 09:03:43',NULL,NULL),(7,NULL,'0','23-03-2013-J1X2-7','2013-03-25 07:56:28','2013-03-25 09:03:43',NULL,NULL),(8,NULL,'0','23-03-2013-i47X3-7','2013-03-25 07:56:28','2013-03-25 09:03:43',NULL,NULL),(9,NULL,'0','23-03-2013-i47X3-17','2013-03-25 07:56:28','2013-03-25 09:03:43',NULL,NULL),(10,NULL,NULL,'22-03-2013-J3X4-2','2013-03-25 08:29:42','2013-03-25 08:29:42',NULL,NULL),(11,NULL,NULL,'22-03-2013-J11X2-3','2013-03-25 08:29:42','2013-03-25 08:29:42',NULL,NULL),(12,NULL,NULL,'22-03-2013-i56X3-4','2013-03-25 08:29:42','2013-03-25 08:29:42',NULL,NULL),(13,NULL,NULL,'22-03-2013-J9X1-5','2013-03-25 08:29:42','2013-03-25 08:29:42',NULL,NULL),(14,NULL,NULL,'22-03-2013-i45X3-6','2013-03-25 08:29:42','2013-03-25 08:29:42',NULL,NULL),(15,NULL,NULL,'22-03-2013-G57X4-6','2013-03-25 08:29:42','2013-03-25 08:29:42',NULL,NULL),(16,NULL,NULL,'22-03-2013-i45X3-16','2013-03-25 08:29:42','2013-03-25 08:29:42',NULL,NULL),(17,NULL,NULL,'22-03-2013-i44X3-16','2013-03-25 08:29:42','2013-03-25 08:29:42',NULL,NULL),(18,NULL,NULL,'22-03-2013-J1X2-7','2013-03-25 08:29:42','2013-03-25 08:29:42',NULL,NULL),(19,NULL,NULL,'22-03-2013-i16X1-7','2013-03-25 08:29:42','2013-03-25 08:29:42',NULL,NULL),(20,NULL,NULL,'21-03-2013-J3X4-2','2013-03-25 08:29:42','2013-03-25 08:29:42',NULL,NULL),(21,NULL,NULL,'21-03-2013-J10X1-3','2013-03-25 08:29:42','2013-03-25 08:29:42',NULL,NULL),(22,NULL,NULL,'21-03-2013-J6X2-4','2013-03-25 08:29:42','2013-03-25 08:29:42',NULL,NULL),(23,NULL,NULL,'21-03-2013-i46X2-6','2013-03-25 08:29:42','2013-03-25 08:29:42',NULL,NULL),(24,NULL,NULL,'21-03-2013-i44X2-6','2013-03-25 08:29:42','2013-03-25 08:29:42',NULL,NULL),(25,NULL,NULL,'21-03-2013-G57X4-16','2013-03-25 08:29:42','2013-03-25 08:29:42',NULL,NULL),(26,NULL,NULL,'21-03-2013-i46X2-16','2013-03-25 08:29:42','2013-03-25 08:29:42',NULL,NULL),(27,NULL,NULL,'21-03-2013-J12X1-7','2013-03-25 08:29:42','2013-03-25 08:29:42',NULL,NULL),(28,NULL,NULL,'21-03-2013-i16X1-7','2013-03-25 08:29:42','2013-03-25 08:29:42',NULL,NULL),(29,NULL,NULL,'20-03-2013-J3X4-2','2013-03-25 08:29:42','2013-03-25 08:29:42',NULL,NULL),(30,NULL,NULL,'20-03-2013-J2X2-2','2013-03-25 08:29:42','2013-03-25 08:29:42',NULL,NULL),(31,NULL,NULL,'20-03-2013-J11X1-3','2013-03-25 08:29:42','2013-03-25 08:29:42',NULL,NULL),(32,NULL,NULL,'20-03-2013-J10X1-3','2013-03-25 08:29:42','2013-03-25 08:29:42',NULL,NULL),(33,NULL,NULL,'20-03-2013-J6X2-4','2013-03-25 08:29:42','2013-03-25 08:29:42',NULL,NULL),(34,NULL,NULL,'20-03-2013-i44X2-6','2013-03-25 08:29:42','2013-03-25 08:29:42',NULL,NULL),(35,NULL,NULL,'20-03-2013-i44X2-16','2013-03-25 08:29:42','2013-03-25 08:29:42',NULL,NULL),(36,NULL,NULL,'20-03-2013-J12X1-7','2013-03-25 08:29:42','2013-03-25 08:29:42',NULL,NULL),(37,NULL,NULL,'20-03-2013-i16X1-7','2013-03-25 08:29:42','2013-03-25 08:29:42',NULL,NULL),(38,NULL,NULL,'19-03-2013-J2X2-2','2013-03-25 08:29:42','2013-03-25 08:29:42',NULL,NULL),(39,NULL,NULL,'19-03-2013-J11X1-3','2013-03-25 08:29:42','2013-03-25 08:29:42',NULL,NULL),(40,NULL,NULL,'19-03-2013-J10X1-3','2013-03-25 08:29:43','2013-03-25 08:29:43',NULL,NULL),(41,NULL,NULL,'19-03-2013-J6X2-4','2013-03-25 08:29:43','2013-03-25 08:29:43',NULL,NULL),(42,NULL,NULL,'19-03-2013-i45X2-6','2013-03-25 08:29:43','2013-03-25 08:29:43',NULL,NULL),(43,NULL,NULL,'19-03-2013-i44X2-16','2013-03-25 08:29:43','2013-03-25 08:29:43',NULL,NULL),(44,NULL,NULL,'19-03-2013-i45X2-16','2013-03-25 08:29:43','2013-03-25 08:29:43',NULL,NULL),(45,NULL,NULL,'19-03-2013-i16X1-7','2013-03-25 08:29:43','2013-03-25 08:29:43',NULL,NULL),(46,NULL,NULL,'18-03-2013-J2X2-2','2013-03-25 08:29:43','2013-03-25 08:29:43',NULL,NULL),(47,NULL,NULL,'18-03-2013-i56X3-2','2013-03-25 08:29:43','2013-03-25 08:29:43',NULL,NULL),(48,NULL,NULL,'18-03-2013-J10X1-3','2013-03-25 08:29:43','2013-03-25 08:29:43',NULL,NULL),(49,NULL,NULL,'18-03-2013-J6X2-4','2013-03-25 08:29:43','2013-03-25 08:29:43',NULL,NULL),(50,360,'3','25-03-2013-J2X3-2','2013-03-26 02:31:23','2013-03-26 03:05:19',230,NULL),(51,120,'4','25-03-2013-J3X4-2','2013-03-26 02:31:23','2013-03-26 03:00:19',15,NULL),(52,480,'1','25-03-2013-J11X2-3','2013-03-26 02:31:23','2013-03-26 03:05:19',90,NULL),(53,480,'2','25-03-2013-i56X3-4','2013-03-26 02:31:23','2013-03-26 03:05:19',75,NULL),(54,5,'6','25-03-2013-i46X3-6','2013-03-26 02:31:23','2013-03-26 03:05:19',0,NULL),(55,NULL,'0','25-03-2013-XXX-16','2013-03-26 02:31:23','2013-03-26 02:32:38',NULL,NULL),(56,420,'7','25-03-2013-i47X3-7','2013-03-26 02:31:23','2013-03-26 03:05:19',20,NULL),(57,30,'7','25-03-2013-J1X2-7','2013-03-26 02:31:23','2013-03-26 03:05:19',0,NULL),(58,30,'7','25-03-2013-J12X2-7','2013-03-26 02:31:23','2013-03-26 03:05:19',0,NULL),(59,120,'6','25-03-2013-J12X2-17','2013-03-26 02:31:23','2013-03-26 03:05:19',35,NULL),(60,355,'6','25-03-2013-J16X1-16','2013-03-26 02:43:56','2013-03-26 03:05:19',170,NULL),(61,480,'1','26-03-2013-J10X2-3','2013-03-27 02:26:43','2013-03-27 03:01:56',25,NULL),(62,120,'1','26-03-2013-J11X2-3','2013-03-27 02:26:43','2013-03-27 03:00:12',30,NULL),(63,120,'1','26-03-2013-J4X4-3','2013-03-27 02:26:43','2013-03-27 03:00:12',15,NULL),(64,180,'2','26-03-2013-i50X4-4','2013-03-27 02:26:43','2013-03-27 03:00:12',60,NULL),(65,300,'2','26-03-2013-i56X3-4','2013-03-27 02:26:43','2013-03-27 03:00:12',15,NULL),(66,300,'5','26-03-2013-i55X2-5','2013-03-27 02:26:43','2013-03-27 03:00:12',45,NULL),(67,420,'5','26-03-2013-J9X1-5','2013-03-27 02:26:43','2013-03-27 03:00:12',95,NULL),(68,120,'7','26-03-2013-J1X2-7','2013-03-27 02:26:43','2013-03-27 03:00:39',10,NULL),(69,360,'7','26-03-2013-J12X2-7','2013-03-27 02:26:43','2013-03-27 03:00:40',135,NULL),(70,60,'6','26-03-2013-i47X3-17','2013-03-27 02:26:43','2013-03-27 03:00:12',0,NULL),(71,420,'6','26-03-2013-J1X2-17','2013-03-27 02:26:43','2013-03-27 03:00:12',40,NULL),(72,660,'1','27-03-2013-J15X1-3','2013-03-28 01:40:43','2013-03-28 01:53:11',320,NULL),(73,60,'1','27-03-2013-J4X4-3','2013-03-28 01:40:43','2013-03-28 01:53:11',40,NULL),(74,720,'2','27-03-2013-i50X4-4','2013-03-28 01:40:43','2013-03-28 01:53:11',135,NULL),(75,480,'5','27-03-2013-J18X1-5','2013-03-28 01:40:43','2013-03-28 01:53:11',230,NULL),(76,600,'8','27-03-2013-J16X2-6','2013-03-28 01:40:43','2013-03-28 02:18:20',505,NULL),(77,480,'6','27-03-2013-i28X3-16','2013-03-28 01:40:43','2013-03-28 02:18:20',390,NULL),(78,480,'7','27-03-2013-i47X3-7','2013-03-28 01:40:43','2013-03-28 02:19:29',85,NULL),(79,720,'3','28-03-2013-J19X1-2','2013-03-29 02:14:18','2013-03-29 02:17:11',385,NULL),(80,585,'1','28-03-2013-J10X3-3','2013-03-29 02:14:18','2013-03-29 02:34:23',115,NULL),(81,30,'2','28-03-2013-i50X4-4','2013-03-29 02:14:18','2013-03-29 02:34:23',15,NULL),(82,250,'5','28-03-2013-J17X1-5','2013-03-29 02:14:18','2013-03-29 02:34:23',125,NULL),(83,360,'6','28-03-2013-i58X2-16','2013-03-29 02:14:18','2013-03-29 02:40:28',0,NULL),(84,480,'7','28-03-2013-i47X3-7','2013-03-29 02:14:18','2013-03-29 02:40:28',105,NULL),(85,135,'1','28-03-2013-J15X1-3','2013-03-29 02:17:12','2013-03-29 02:34:23',15,NULL),(86,670,'2','28-03-2013-i49X3-4','2013-03-29 02:17:12','2013-03-29 02:34:23',190,NULL),(87,230,'5','28-03-2013-J18X1-5','2013-03-29 02:17:12','2013-03-29 02:34:23',70,NULL),(88,300,'8','28-03-2013-i28X3-6','2013-03-29 02:17:12','2013-03-29 02:34:23',25,NULL),(89,180,'8','28-03-2013-i53X2-6','2013-03-29 02:17:12','2013-03-29 02:34:24',35,NULL),(90,120,'6','28-03-2013-i53X2-16','2013-03-29 02:19:38','2013-03-29 02:40:28',0,NULL),(91,255,'1','29-03-2013-J10X3-3','2013-03-30 02:48:05','2013-03-30 03:11:10',40,NULL),(92,225,'1','29-03-2013-J11X3-3','2013-03-30 02:48:05','2013-03-30 03:11:10',125,NULL),(93,480,'2','29-03-2013-J6X3-4','2013-03-30 02:48:05','2013-03-30 03:11:10',135,NULL),(94,160,'5','29-03-2013-J17X1-5','2013-03-30 02:48:05','2013-03-30 03:22:48',60,NULL),(95,320,'5','29-03-2013-J18X1-5','2013-03-30 02:48:05','2013-03-30 03:13:01',80,NULL),(96,325,'8','29-03-2013-i1X3-6','2013-03-30 02:48:05','2013-03-30 03:17:25',55,NULL),(97,155,'8','29-03-2013-i58X2-6','2013-03-30 02:48:05','2013-03-30 03:17:25',70,NULL),(98,300,'7','29-03-2013-i47X3-7','2013-03-30 02:48:05','2013-03-30 03:22:48',225,NULL),(99,360,'7','29-03-2013-J1X3-7','2013-03-30 02:48:05','2013-03-30 03:22:48',290,NULL),(100,285,'6','29-03-2013-i47X3-17','2013-03-30 02:48:05','2013-03-30 03:24:06',15,NULL),(101,195,'6','29-03-2013-J1X3-17','2013-03-30 02:48:05','2013-03-30 03:24:13',70,NULL),(102,NULL,NULL,'09-01-2013-i36X1-2','2013-03-30 07:23:34','2013-03-30 07:23:34',NULL,NULL),(103,NULL,NULL,'09-01-2013-i34X2-3','2013-03-30 07:23:34','2013-03-30 07:23:34',NULL,NULL),(104,NULL,NULL,'09-01-2013-i37X1-3','2013-03-30 07:23:34','2013-03-30 07:23:34',NULL,NULL),(105,NULL,NULL,'09-01-2013-i38X1-3','2013-03-30 07:23:34','2013-03-30 07:23:34',NULL,NULL),(106,NULL,NULL,'09-01-2013-i26X4-4','2013-03-30 07:23:34','2013-03-30 07:23:34',NULL,NULL),(107,NULL,NULL,'09-01-2013-i33X2-5','2013-03-30 07:23:34','2013-03-30 07:23:34',NULL,NULL),(108,NULL,NULL,'09-01-2013-i41X1-5','2013-03-30 07:23:34','2013-03-30 07:23:34',NULL,NULL),(109,NULL,NULL,'09-01-2013-G57X3-6','2013-03-30 07:23:34','2013-03-30 07:23:34',NULL,NULL),(110,NULL,NULL,'09-01-2013-i8X5-6','2013-03-30 07:23:34','2013-03-30 07:23:34',NULL,NULL),(111,480,'2','30-03-2013-J6X3-4','2013-04-01 02:41:27','2013-04-01 02:44:10',30,NULL),(112,480,'5','30-03-2013-J18X1-5','2013-04-01 02:41:27','2013-04-01 02:46:12',70,NULL),(113,195,'6','30-03-2013-i47X3-17','2013-04-01 02:41:27','2013-04-01 03:13:15',80,NULL),(114,NULL,'1','30-03-2013-J1X3-6','2013-04-01 02:43:14','2013-04-01 02:43:27',NULL,NULL),(115,480,'3','30-03-2013-J19X1-7','2013-04-01 02:43:14','2013-04-01 02:45:16',295,NULL),(116,480,'7','30-03-2013-i1X3-6','2013-04-01 02:44:36','2013-04-01 03:08:02',230,NULL),(117,480,'1','30-03-2013-J11X3-3','2013-04-01 02:45:16','2013-04-01 02:45:34',185,NULL),(118,285,'6','30-03-2013-J1X3-17','2013-04-01 02:46:13','2013-04-01 03:13:15',70,NULL),(119,480,'3','30-03-2013-J19X1-2','2013-04-01 03:00:05','2013-04-01 03:00:52',295,NULL),(120,160,'2','01-04-2013-J19X1-2','2013-04-02 02:48:47','2013-04-02 03:56:00',20,NULL),(121,80,'2','01-04-2013-J2X4-2','2013-04-02 03:33:29','2013-04-02 03:56:00',35,NULL),(122,480,'3','01-04-2013-J10X3-3','2013-04-02 03:34:07','2013-04-02 03:56:58',20,NULL),(123,180,'3','01-04-2013-J11X3-3','2013-04-02 03:34:07','2013-04-02 03:58:43',50,NULL),(124,60,'3','01-04-2013-J4X5-3','2013-04-02 03:34:07','2013-04-02 03:56:58',30,NULL),(125,480,'2','01-04-2013-J6X3-4','2013-04-02 03:34:07','2013-04-02 03:51:27',200,NULL),(126,300,'2','01-04-2013-J17X1-5','2013-04-02 03:34:07','2013-04-02 03:51:27',60,NULL),(127,420,'5','01-04-2013-J18X1-5','2013-04-02 03:34:07','2013-04-02 03:51:27',190,NULL),(128,NULL,'8','01-04-2013-i1X3-6','2013-04-02 03:34:07','2013-04-02 04:05:02',NULL,NULL),(129,120,'8','01-04-2013-i28X4-6','2013-04-02 03:34:07','2013-04-02 04:05:02',60,NULL),(130,60,'8','01-04-2013-i53X3-6','2013-04-02 03:34:07','2013-04-02 04:05:02',15,NULL),(131,480,'7','01-04-2013-i47X3-7','2013-04-02 03:34:07','2013-04-02 04:06:37',230,NULL),(132,420,'8','01-04-2013-i52X3-6','2013-04-02 03:50:20','2013-04-02 04:05:02',40,NULL),(133,480,'1','02-04-2013-J19X1-2','2013-04-03 02:49:11','2013-04-03 02:56:16',NULL,NULL),(134,720,'1','02-04-2013-J4X5-3','2013-04-03 02:49:11','2013-04-03 02:56:16',NULL,NULL),(135,480,'2','02-04-2013-J6X3-4','2013-04-03 02:49:11','2013-04-03 02:56:16',NULL,NULL),(136,150,'5','02-04-2013-J17X1-5','2013-04-03 02:49:11','2013-04-03 02:56:16',NULL,NULL),(137,420,'5','02-04-2013-J9X2-5','2013-04-03 02:49:11','2013-04-03 02:56:16',NULL,NULL),(138,360,'8','02-04-2013-i1X3-6','2013-04-03 02:49:11','2013-04-03 04:09:06',NULL,NULL),(139,260,'8','02-04-2013-i52X3-6','2013-04-03 02:49:11','2013-04-03 04:09:06',NULL,NULL),(140,100,'8','02-04-2013-i58X2-6','2013-04-03 02:49:11','2013-04-03 04:09:06',NULL,NULL),(141,70,'7','02-04-2013-i47X3-7','2013-04-03 02:49:11','2013-04-03 04:09:06',NULL,NULL),(142,410,'7','02-04-2013-J12X3-7','2013-04-03 02:49:11','2013-04-03 04:09:06',NULL,NULL),(143,720,'3','03-04-2013-J19X1-2','2013-04-04 02:38:14','2013-04-04 08:49:34',NULL,NULL),(144,505,'1','03-04-2013-J10X3-3','2013-04-04 02:38:14','2013-04-04 03:10:30',NULL,NULL),(145,215,'1','03-04-2013-J4X5-3','2013-04-04 02:38:14','2013-04-04 03:10:30',NULL,NULL),(146,720,'2','03-04-2013-J6X3-4','2013-04-04 02:38:14','2013-04-04 03:00:10',NULL,NULL),(147,720,'5','03-04-2013-J9X2-5','2013-04-04 02:38:14','2013-04-04 03:00:10',NULL,NULL),(148,360,'8','03-04-2013-i1X3-6','2013-04-04 02:38:14','2013-04-04 03:02:58',NULL,NULL),(149,120,'8','03-04-2013-i58X2-6','2013-04-04 02:38:14','2013-04-04 03:02:58',NULL,NULL),(150,480,'7','03-04-2013-J12X3-7','2013-04-04 02:38:14','2013-04-04 03:02:58',NULL,NULL),(151,480,'3','04-04-2013-J19X1-2','2013-04-05 03:14:09','2013-04-05 03:38:37',NULL,NULL),(152,250,'1','04-04-2013-J10X3-3','2013-04-05 03:14:09','2013-04-05 03:39:31',NULL,NULL),(153,470,'1','04-04-2013-J11X4-3','2013-04-05 03:14:09','2013-04-05 03:40:21',NULL,NULL),(154,480,'2','04-04-2013-J6X3-4','2013-04-05 03:14:09','2013-04-05 03:48:45',NULL,NULL),(155,315,'5','04-04-2013-i55X2-5','2013-04-05 03:14:09','2013-04-05 03:48:46',NULL,NULL),(156,405,'5','04-04-2013-J9X2-5','2013-04-05 03:14:09','2013-04-05 03:48:46',NULL,NULL),(157,180,'8','04-04-2013-i1X3-6','2013-04-05 03:14:09','2013-04-05 03:56:44',NULL,NULL),(158,120,'8','04-04-2013-i28X4-6','2013-04-05 03:14:09','2013-04-05 03:56:44',NULL,NULL),(159,240,'8','04-04-2013-i53X3-6','2013-04-05 03:14:09','2013-04-05 06:23:16',NULL,NULL),(160,180,'8','04-04-2013-i58X2-6','2013-04-05 03:14:10','2013-04-05 04:38:54',NULL,NULL),(161,120,'7','04-04-2013-i47X3-7','2013-04-05 03:14:10','2013-04-05 06:30:21',NULL,NULL),(162,480,'7','04-04-2013-J12X3-7','2013-04-05 03:14:10','2013-04-05 06:30:21',NULL,NULL),(163,75,'3','05-04-2013-J19X1-2','2013-04-06 01:41:58','2013-04-06 03:22:37',NULL,NULL),(164,645,'3','05-04-2013-J20X1-2','2013-04-06 01:41:58','2013-04-06 03:22:37',NULL,NULL),(165,720,'1','05-04-2013-J11X4-3','2013-04-06 01:41:58','2013-04-06 03:28:55',NULL,NULL),(166,240,'2','05-04-2013-J6X3-4','2013-04-06 01:41:58','2013-04-06 03:29:31',NULL,NULL),(167,NULL,NULL,'05-04-2013-XXX-5','2013-04-06 01:41:58','2013-04-06 01:41:58',NULL,NULL),(168,330,'5','05-04-2013-i55X2-5','2013-04-06 01:41:58','2013-04-06 03:31:13',NULL,NULL),(169,150,'8','05-04-2013-J21X1-6','2013-04-06 01:41:58','2013-04-06 03:45:09',NULL,NULL),(170,570,'8','05-04-2013-i28X4-6','2013-04-06 01:41:58','2013-04-06 03:45:09',NULL,NULL),(171,600,'7','05-04-2013-i57X3-7','2013-04-06 01:41:58','2013-04-06 03:46:57',NULL,NULL),(172,60,'7','05-04-2013-i47X3-7','2013-04-06 01:41:58','2013-04-06 03:46:57',NULL,NULL),(173,NULL,NULL,'2013-04-05-1X2-10','2013-04-06 02:05:58','2013-04-06 02:05:58',NULL,NULL),(174,NULL,NULL,'2013-04-05-1X4-10','2013-04-06 02:05:58','2013-04-06 02:05:58',NULL,NULL),(175,NULL,NULL,'2013-04-05-1X6-10','2013-04-06 02:05:58','2013-04-06 02:05:58',NULL,NULL),(176,NULL,NULL,'2013-04-05-1X9-10','2013-04-06 02:05:58','2013-04-06 02:05:58',NULL,NULL),(177,NULL,NULL,'2013-04-05-2X9-10','2013-04-06 02:05:58','2013-04-06 02:05:58',NULL,NULL),(178,NULL,NULL,'2013-04-04-1X2-10','2013-04-06 02:05:58','2013-04-06 02:05:58',NULL,NULL),(179,NULL,NULL,'2013-04-04-1X4-10','2013-04-06 02:05:58','2013-04-06 02:05:58',NULL,NULL),(180,NULL,NULL,'2013-04-04-2X1-10','2013-04-06 02:05:58','2013-04-06 02:05:58',NULL,NULL),(181,NULL,NULL,'2013-04-03-1X4-10','2013-04-06 02:05:58','2013-04-06 02:05:58',NULL,NULL),(182,NULL,NULL,'2013-04-03-2X1-10','2013-04-06 02:05:58','2013-04-06 02:05:58',NULL,NULL),(183,NULL,NULL,'2013-04-03-2X9-10','2013-04-06 02:05:58','2013-04-06 02:05:58',NULL,NULL),(184,NULL,NULL,'2013-04-02-1X2-10','2013-04-06 02:05:58','2013-04-06 02:05:58',NULL,NULL),(185,NULL,NULL,'2013-04-02-1X7-10','2013-04-06 02:05:58','2013-04-06 02:05:58',NULL,NULL),(186,NULL,NULL,'2013-04-02-2X1-10','2013-04-06 02:05:58','2013-04-06 02:05:58',NULL,NULL),(187,NULL,NULL,'2013-04-01-1X4-10','2013-04-06 02:05:58','2013-04-06 02:05:58',NULL,NULL),(188,NULL,NULL,'2013-04-01-1X9-10','2013-04-06 02:05:58','2013-04-06 02:05:58',NULL,NULL),(189,NULL,NULL,'2013-04-01-2X9-10','2013-04-06 02:05:58','2013-04-06 02:05:58',NULL,NULL),(190,NULL,NULL,'2013-03-30-1X2-10','2013-04-06 02:05:58','2013-04-06 02:05:58',NULL,NULL),(191,NULL,NULL,'2013-03-30-1X4-10','2013-04-06 02:05:58','2013-04-06 02:05:58',NULL,NULL),(192,NULL,NULL,'2013-03-30-1X7-10','2013-04-06 02:05:58','2013-04-06 02:05:58',NULL,NULL),(193,NULL,NULL,'2013-03-30-1X9-10','2013-04-06 02:05:58','2013-04-06 02:05:58',NULL,NULL),(194,NULL,NULL,'2013-03-30-2X1-10','2013-04-06 02:05:58','2013-04-06 02:05:58',NULL,NULL),(195,NULL,NULL,'2013-03-30-2X9-10','2013-04-06 02:05:58','2013-04-06 02:05:58',NULL,NULL),(196,NULL,NULL,'2013-03-29-1X2-10','2013-04-06 02:05:58','2013-04-06 02:05:58',NULL,NULL),(197,NULL,NULL,'2013-03-29-1X4-10','2013-04-06 02:05:58','2013-04-06 02:05:58',NULL,NULL),(198,NULL,NULL,'2013-03-29-1X9-10','2013-04-06 02:05:58','2013-04-06 02:05:58',NULL,NULL),(199,NULL,NULL,'2013-03-29-2X1-10','2013-04-06 02:05:58','2013-04-06 02:05:58',NULL,NULL),(200,NULL,NULL,'2013-03-28-1X4-10','2013-04-06 02:05:58','2013-04-06 02:05:58',NULL,NULL),(201,NULL,NULL,'2013-03-28-2X1-10','2013-04-06 02:05:58','2013-04-06 02:05:58',NULL,NULL),(202,NULL,NULL,'2013-03-27-1X2-10','2013-04-06 02:05:58','2013-04-06 02:05:58',NULL,NULL),(203,NULL,NULL,'2013-03-27-1X4-10','2013-04-06 02:05:58','2013-04-06 02:05:58',NULL,NULL),(204,NULL,NULL,'2013-03-27-1X7-10','2013-04-06 02:05:58','2013-04-06 02:05:58',NULL,NULL),(205,NULL,NULL,'2013-03-26-1X4-10','2013-04-06 02:05:58','2013-04-06 02:05:58',NULL,NULL),(206,NULL,NULL,'2013-03-26-1X9-10','2013-04-06 02:05:58','2013-04-06 02:05:58',NULL,NULL),(207,NULL,NULL,'2013-03-26-2X1-10','2013-04-06 02:05:58','2013-04-06 02:05:58',NULL,NULL),(208,NULL,NULL,'2013-03-25-1X4-10','2013-04-06 02:05:58','2013-04-06 02:05:58',NULL,NULL),(209,NULL,NULL,'2013-03-25-1X9-10','2013-04-06 02:05:58','2013-04-06 02:05:58',NULL,NULL),(210,NULL,NULL,'2013-03-25-2X9-10','2013-04-06 02:05:58','2013-04-06 02:05:58',NULL,NULL),(211,NULL,NULL,'2013-03-23-1X4-10','2013-04-06 02:05:58','2013-04-06 02:05:58',NULL,NULL),(212,NULL,NULL,'2013-03-23-1X7-10','2013-04-06 02:05:58','2013-04-06 02:05:58',NULL,NULL),(213,NULL,NULL,'2013-03-23-1X9-10','2013-04-06 02:05:58','2013-04-06 02:05:58',NULL,NULL),(214,NULL,NULL,'2013-03-23-2X1-10','2013-04-06 02:05:58','2013-04-06 02:05:58',NULL,NULL),(215,NULL,NULL,'2013-03-22-1X2-10','2013-04-06 02:05:58','2013-04-06 02:05:58',NULL,NULL),(216,NULL,NULL,'2013-03-22-1X4-10','2013-04-06 02:05:58','2013-04-06 02:05:58',NULL,NULL),(217,NULL,NULL,'2013-03-22-1X7-10','2013-04-06 02:05:58','2013-04-06 02:05:58',NULL,NULL),(218,NULL,NULL,'2013-03-21-1X7-10','2013-04-06 02:05:58','2013-04-06 02:05:58',NULL,NULL),(219,NULL,NULL,'2013-03-21-1X9-10','2013-04-06 02:05:58','2013-04-06 02:05:58',NULL,NULL),(220,NULL,NULL,'2013-03-21-2X9-10','2013-04-06 02:05:58','2013-04-06 02:05:58',NULL,NULL),(221,NULL,NULL,'2013-03-20-1X4-10','2013-04-06 02:05:58','2013-04-06 02:05:58',NULL,NULL),(222,NULL,NULL,'2013-03-20-1X7-10','2013-04-06 02:05:58','2013-04-06 02:05:58',NULL,NULL),(223,NULL,NULL,'2013-03-20-2X1-10','2013-04-06 02:05:58','2013-04-06 02:05:58',NULL,NULL),(224,NULL,NULL,'2013-03-19-1X2-10','2013-04-06 02:05:58','2013-04-06 02:05:58',NULL,NULL),(225,NULL,NULL,'2013-03-19-1X4-10','2013-04-06 02:05:58','2013-04-06 02:05:58',NULL,NULL),(226,NULL,NULL,'2013-03-18-1X2-10','2013-04-06 02:05:58','2013-04-06 02:05:58',NULL,NULL),(227,NULL,NULL,'2013-03-18-1X4-10','2013-04-06 02:05:58','2013-04-06 02:05:58',NULL,NULL),(228,NULL,NULL,'2013-03-16-2X1-10','2013-04-06 02:05:58','2013-04-06 02:05:58',NULL,NULL),(229,NULL,NULL,'2013-03-16-2X9-10','2013-04-06 02:05:58','2013-04-06 02:05:58',NULL,NULL),(230,NULL,NULL,'2013-03-15-1X4-10','2013-04-06 02:05:58','2013-04-06 02:05:58',NULL,NULL),(231,NULL,NULL,'2013-03-14-1X4-10','2013-04-06 02:05:58','2013-04-06 02:05:58',NULL,NULL),(232,NULL,NULL,'2013-03-14-1X7-10','2013-04-06 02:05:58','2013-04-06 02:05:58',NULL,NULL),(233,NULL,NULL,'2013-03-14-1X9-10','2013-04-06 02:05:58','2013-04-06 02:05:58',NULL,NULL),(234,NULL,NULL,'2013-03-14-2X1-10','2013-04-06 02:05:58','2013-04-06 02:05:58',NULL,NULL),(235,NULL,NULL,'2013-03-13-1X2-10','2013-04-06 02:05:58','2013-04-06 02:05:58',NULL,NULL),(236,NULL,NULL,'2013-03-13-1X4-10','2013-04-06 02:05:58','2013-04-06 02:05:58',NULL,NULL),(237,NULL,NULL,'2013-03-13-1X9-10','2013-04-06 02:05:58','2013-04-06 02:05:58',NULL,NULL),(238,NULL,NULL,'2013-03-13-2X1-10','2013-04-06 02:05:58','2013-04-06 02:05:58',NULL,NULL),(239,NULL,NULL,'2013-03-12-1X2-10','2013-04-06 02:05:58','2013-04-06 02:05:58',NULL,NULL),(240,NULL,NULL,'2013-03-12-2X1-10','2013-04-06 02:05:58','2013-04-06 02:05:58',NULL,NULL),(241,NULL,NULL,'2013-03-12-2X9-10','2013-04-06 02:05:58','2013-04-06 02:05:58',NULL,NULL),(242,NULL,NULL,'2013-03-11-1X4-10','2013-04-06 02:05:58','2013-04-06 02:05:58',NULL,NULL),(243,NULL,NULL,'2013-03-11-2X1-10','2013-04-06 02:05:58','2013-04-06 02:05:58',NULL,NULL),(244,NULL,NULL,'2013-03-11-2X9-10','2013-04-06 02:05:58','2013-04-06 02:05:58',NULL,NULL),(245,NULL,NULL,'2013-03-09-1X4-10','2013-04-06 02:05:58','2013-04-06 02:05:58',NULL,NULL),(246,NULL,NULL,'2013-03-09-2X1-10','2013-04-06 02:05:58','2013-04-06 02:05:58',NULL,NULL),(247,NULL,NULL,'2013-03-08-1X4-10','2013-04-06 02:05:58','2013-04-06 02:05:58',NULL,NULL),(248,NULL,NULL,'2013-03-07-1X4-10','2013-04-06 02:05:58','2013-04-06 02:05:58',NULL,NULL),(249,NULL,NULL,'2013-03-06-1X9-10','2013-04-06 02:05:58','2013-04-06 02:05:58',NULL,NULL),(250,NULL,NULL,'2013-03-06-2X1-10','2013-04-06 02:05:58','2013-04-06 02:05:58',NULL,NULL),(251,NULL,NULL,'2013-03-06-2X9-10','2013-04-06 02:05:58','2013-04-06 02:05:58',NULL,NULL),(252,NULL,NULL,'2013-03-05-1X4-10','2013-04-06 02:05:58','2013-04-06 02:05:58',NULL,NULL),(253,NULL,NULL,'2013-03-05-1X7-10','2013-04-06 02:05:58','2013-04-06 02:05:58',NULL,NULL),(254,NULL,NULL,'2013-03-05-1X9-10','2013-04-06 02:05:58','2013-04-06 02:05:58',NULL,NULL),(255,NULL,NULL,'2013-03-04-1X4-10','2013-04-06 02:05:58','2013-04-06 02:05:58',NULL,NULL),(256,NULL,NULL,'2013-03-04-1X6-10','2013-04-06 02:05:58','2013-04-06 02:05:58',NULL,NULL),(257,NULL,NULL,'2013-03-04-1X7-10','2013-04-06 02:05:58','2013-04-06 02:05:58',NULL,NULL),(258,NULL,NULL,'2013-03-04-1X9-10','2013-04-06 02:05:58','2013-04-06 02:05:58',NULL,NULL),(259,NULL,NULL,'2013-03-04-2X1-10','2013-04-06 02:05:58','2013-04-06 02:05:58',NULL,NULL),(260,NULL,NULL,'2013-03-02-1X6-10','2013-04-06 02:05:58','2013-04-06 02:05:58',NULL,NULL),(261,NULL,NULL,'2013-03-02-1X7-10','2013-04-06 02:05:58','2013-04-06 02:05:58',NULL,NULL),(262,NULL,NULL,'2013-03-02-2X1-10','2013-04-06 02:05:58','2013-04-06 02:05:58',NULL,NULL),(263,NULL,NULL,'2013-03-01-1X4-10','2013-04-06 02:05:58','2013-04-06 02:05:58',NULL,NULL),(264,NULL,NULL,'2013-03-01-2X1-10','2013-04-06 02:05:58','2013-04-06 02:05:58',NULL,NULL),(265,NULL,NULL,'2013-03-01-2X9-10','2013-04-06 02:05:58','2013-04-06 02:05:58',NULL,NULL),(266,NULL,NULL,'2013-02-28-1X2-10','2013-04-06 02:05:58','2013-04-06 02:05:58',NULL,NULL),(267,NULL,NULL,'2013-02-28-1X4-10','2013-04-06 02:05:58','2013-04-06 02:05:58',NULL,NULL),(268,NULL,NULL,'2013-02-27-1X2-10','2013-04-06 02:05:58','2013-04-06 02:05:58',NULL,NULL),(269,NULL,NULL,'2013-02-27-1X4-10','2013-04-06 02:05:58','2013-04-06 02:05:58',NULL,NULL),(270,NULL,NULL,'2013-02-26-1X4-10','2013-04-06 02:05:58','2013-04-06 02:05:58',NULL,NULL),(271,NULL,NULL,'2013-02-26-1X9-10','2013-04-06 02:05:58','2013-04-06 02:05:58',NULL,NULL),(272,NULL,NULL,'2013-02-25-1X9-10','2013-04-06 02:05:58','2013-04-06 02:05:58',NULL,NULL),(273,NULL,NULL,'2013-02-25-2X1-10','2013-04-06 02:05:58','2013-04-06 02:05:58',NULL,NULL),(274,NULL,NULL,'2013-02-23-1X4-10','2013-04-06 02:05:58','2013-04-06 02:05:58',NULL,NULL),(275,NULL,NULL,'2013-02-23-1X7-10','2013-04-06 02:05:58','2013-04-06 02:05:58',NULL,NULL),(276,NULL,NULL,'2013-02-23-2X1-10','2013-04-06 02:05:58','2013-04-06 02:05:58',NULL,NULL),(277,NULL,NULL,'2013-02-22-1X2-10','2013-04-06 02:05:58','2013-04-06 02:05:58',NULL,NULL),(278,NULL,NULL,'2013-02-22-1X4-10','2013-04-06 02:05:58','2013-04-06 02:05:58',NULL,NULL),(279,NULL,NULL,'2013-02-22-1X7-10','2013-04-06 02:05:58','2013-04-06 02:05:58',NULL,NULL),(280,NULL,NULL,'2013-02-21-1X4-10','2013-04-06 02:05:58','2013-04-06 02:05:58',NULL,NULL),(281,NULL,NULL,'2013-02-20-1X2-10','2013-04-06 02:05:58','2013-04-06 02:05:58',NULL,NULL),(282,NULL,NULL,'2013-02-20-1X4-10','2013-04-06 02:05:58','2013-04-06 02:05:58',NULL,NULL),(283,NULL,NULL,'2013-02-19-1X4-10','2013-04-06 02:05:58','2013-04-06 02:05:58',NULL,NULL),(284,NULL,NULL,'2013-02-19-2X9-10','2013-04-06 02:05:58','2013-04-06 02:05:58',NULL,NULL),(285,NULL,NULL,'2013-02-18-1X2-10','2013-04-06 02:05:58','2013-04-06 02:05:58',NULL,NULL),(286,NULL,NULL,'2013-02-18-1X4-10','2013-04-06 02:05:58','2013-04-06 02:05:58',NULL,NULL),(287,NULL,NULL,'2013-02-18-1X9-10','2013-04-06 02:05:58','2013-04-06 02:05:58',NULL,NULL),(288,NULL,NULL,'2013-02-18-2X1-10','2013-04-06 02:05:58','2013-04-06 02:05:58',NULL,NULL),(289,NULL,NULL,'2013-02-16-1X4-10','2013-04-06 02:05:58','2013-04-06 02:05:58',NULL,NULL),(290,NULL,NULL,'2013-02-15-1X4-10','2013-04-06 02:05:58','2013-04-06 02:05:58',NULL,NULL),(291,NULL,NULL,'2013-02-15-1X7-10','2013-04-06 02:05:58','2013-04-06 02:05:58',NULL,NULL),(292,NULL,NULL,'2013-02-14-1X4-10','2013-04-06 02:05:58','2013-04-06 02:05:58',NULL,NULL),(293,NULL,NULL,'2013-02-13-1X4-10','2013-04-06 02:05:58','2013-04-06 02:05:58',NULL,NULL),(294,NULL,NULL,'2013-02-13-2X1-10','2013-04-06 02:05:58','2013-04-06 02:05:58',NULL,NULL),(295,NULL,NULL,'2013-02-12-1X4-10','2013-04-06 02:05:58','2013-04-06 02:05:58',NULL,NULL),(296,NULL,NULL,'2013-02-11-1X2-10','2013-04-06 02:05:58','2013-04-06 02:05:58',NULL,NULL),(297,NULL,NULL,'2013-02-11-1X4-10','2013-04-06 02:05:58','2013-04-06 02:05:58',NULL,NULL),(298,NULL,NULL,'2013-02-11-1X7-10','2013-04-06 02:05:58','2013-04-06 02:05:58',NULL,NULL),(299,NULL,NULL,'2013-02-11-2X9-10','2013-04-06 02:05:58','2013-04-06 02:05:58',NULL,NULL),(300,NULL,NULL,'2013-02-09-2X1-10','2013-04-06 02:05:58','2013-04-06 02:05:58',NULL,NULL),(301,NULL,NULL,'2013-02-09-2X9-10','2013-04-06 02:05:58','2013-04-06 02:05:58',NULL,NULL),(302,NULL,NULL,'2013-02-08-1X4-10','2013-04-06 02:05:58','2013-04-06 02:05:58',NULL,NULL),(303,NULL,NULL,'2013-02-08-1X9-10','2013-04-06 02:05:58','2013-04-06 02:05:58',NULL,NULL),(304,NULL,NULL,'2013-02-07-1X4-10','2013-04-06 02:05:58','2013-04-06 02:05:58',NULL,NULL),(305,NULL,NULL,'2013-02-07-1X7-10','2013-04-06 02:05:58','2013-04-06 02:05:58',NULL,NULL),(306,NULL,NULL,'2013-02-07-1X9-10','2013-04-06 02:05:58','2013-04-06 02:05:58',NULL,NULL),(307,NULL,NULL,'2013-02-07-2X1-10','2013-04-06 02:05:58','2013-04-06 02:05:58',NULL,NULL),(308,NULL,NULL,'2013-02-06-1X6-10','2013-04-06 02:05:58','2013-04-06 02:05:58',NULL,NULL),(309,NULL,NULL,'2013-02-06-1X7-10','2013-04-06 02:05:58','2013-04-06 02:05:58',NULL,NULL),(310,NULL,NULL,'2013-02-06-2X1-10','2013-04-06 02:05:58','2013-04-06 02:05:58',NULL,NULL),(311,NULL,NULL,'2013-02-06-2X9-10','2013-04-06 02:05:58','2013-04-06 02:05:58',NULL,NULL),(312,NULL,NULL,'2013-02-05-1X6-10','2013-04-06 02:05:58','2013-04-06 02:05:58',NULL,NULL),(313,NULL,NULL,'2013-02-05-1X7-10','2013-04-06 02:05:58','2013-04-06 02:05:58',NULL,NULL),(314,NULL,NULL,'2013-02-05-2X9-10','2013-04-06 02:05:58','2013-04-06 02:05:58',NULL,NULL),(315,NULL,NULL,'2013-02-04-1X7-10','2013-04-06 02:05:58','2013-04-06 02:05:58',NULL,NULL),(316,NULL,NULL,'2013-02-04-2X9-10','2013-04-06 02:05:58','2013-04-06 02:05:58',NULL,NULL),(317,NULL,NULL,'2013-02-02-1X4-10','2013-04-06 02:05:58','2013-04-06 02:05:58',NULL,NULL),(318,NULL,NULL,'2013-02-02-1X7-10','2013-04-06 02:05:58','2013-04-06 02:05:58',NULL,NULL),(319,NULL,NULL,'2013-02-01-1X4-10','2013-04-06 02:05:58','2013-04-06 02:05:58',NULL,NULL),(320,NULL,NULL,'2013-01-30-1X4-10','2013-04-06 02:05:58','2013-04-06 02:05:58',NULL,NULL),(321,NULL,NULL,'2013-01-30-2X9-10','2013-04-06 02:05:58','2013-04-06 02:05:58',NULL,NULL),(322,NULL,NULL,'2013-01-29-1X4-10','2013-04-06 02:05:58','2013-04-06 02:05:58',NULL,NULL),(323,NULL,NULL,'2013-01-29-1X7-10','2013-04-06 02:05:58','2013-04-06 02:05:58',NULL,NULL),(324,NULL,NULL,'2013-01-29-2X08-10','2013-04-06 02:05:58','2013-04-06 02:05:58',NULL,NULL),(325,NULL,NULL,'2013-01-28-1X4-10','2013-04-06 02:05:58','2013-04-06 02:05:58',NULL,NULL),(326,NULL,NULL,'2013-01-28-1X7-10','2013-04-06 02:05:58','2013-04-06 02:05:58',NULL,NULL),(327,NULL,NULL,'2013-01-26-1X4-10','2013-04-06 02:05:58','2013-04-06 02:05:58',NULL,NULL),(328,NULL,NULL,'2013-01-26-1X7-10','2013-04-06 02:05:58','2013-04-06 02:05:58',NULL,NULL),(329,NULL,NULL,'2013-01-25-1X4-10','2013-04-06 02:05:58','2013-04-06 02:05:58',NULL,NULL),(330,NULL,NULL,'2013-01-25-1X7-10','2013-04-06 02:05:58','2013-04-06 02:05:58',NULL,NULL),(331,NULL,NULL,'2013-01-25-2X9-10','2013-04-06 02:05:58','2013-04-06 02:05:58',NULL,NULL),(332,NULL,NULL,'2013-01-24-1X9-10','2013-04-06 02:05:58','2013-04-06 02:05:58',NULL,NULL),(333,NULL,NULL,'2013-01-24-2X9-10','2013-04-06 02:05:58','2013-04-06 02:05:58',NULL,NULL),(334,NULL,NULL,'2013-01-23-1-10','2013-04-06 02:05:58','2013-04-06 02:05:58',NULL,NULL),(335,NULL,NULL,'2013-01-23-1X4-10','2013-04-06 02:05:58','2013-04-06 02:05:58',NULL,NULL),(336,NULL,NULL,'2013-01-23-1X7-10','2013-04-06 02:05:58','2013-04-06 02:05:58',NULL,NULL),(337,NULL,NULL,'2013-01-23-2X08-10','2013-04-06 02:05:58','2013-04-06 02:05:58',NULL,NULL),(338,NULL,NULL,'2013-01-22-1-10','2013-04-06 02:05:58','2013-04-06 02:05:58',NULL,NULL),(339,NULL,NULL,'2013-01-22-2X08-10','2013-04-06 02:05:58','2013-04-06 02:05:58',NULL,NULL),(340,NULL,NULL,'2013-01-21-1X4-10','2013-04-06 02:05:58','2013-04-06 02:05:58',NULL,NULL),(341,NULL,NULL,'2013-01-21-1X9-10','2013-04-06 02:05:58','2013-04-06 02:05:58',NULL,NULL),(342,NULL,NULL,'2013-01-21-2X08-10','2013-04-06 02:05:58','2013-04-06 02:05:58',NULL,NULL),(343,NULL,NULL,'2013-01-19-1X4-10','2013-04-06 02:05:58','2013-04-06 02:05:58',NULL,NULL),(344,NULL,NULL,'2013-01-19-1X85-10','2013-04-06 02:05:58','2013-04-06 02:05:58',NULL,NULL),(345,NULL,NULL,'2013-01-19-2X08-10','2013-04-06 02:05:58','2013-04-06 02:05:58',NULL,NULL),(346,NULL,NULL,'2013-01-19-2X1-10','2013-04-06 02:05:58','2013-04-06 02:05:58',NULL,NULL),(347,NULL,NULL,'2013-01-18-1X4-10','2013-04-06 02:05:58','2013-04-06 02:05:58',NULL,NULL),(348,NULL,NULL,'2013-01-18-1X9-10','2013-04-06 02:05:58','2013-04-06 02:05:58',NULL,NULL),(349,NULL,NULL,'2013-01-18-2X08-10','2013-04-06 02:05:58','2013-04-06 02:05:58',NULL,NULL),(350,NULL,NULL,'2013-01-17-1X2-10','2013-04-06 02:05:58','2013-04-06 02:05:58',NULL,NULL),(351,NULL,NULL,'2013-01-17-1X4-10','2013-04-06 02:05:58','2013-04-06 02:05:58',NULL,NULL),(352,NULL,NULL,'2013-01-17-2X08-10','2013-04-06 02:05:58','2013-04-06 02:05:58',NULL,NULL),(353,NULL,NULL,'2013-01-16-1X2-10','2013-04-06 02:05:58','2013-04-06 02:05:58',NULL,NULL),(354,NULL,NULL,'2013-01-16-1X4-10','2013-04-06 02:05:58','2013-04-06 02:05:58',NULL,NULL),(355,NULL,NULL,'2013-01-16-1X85-10','2013-04-06 02:05:58','2013-04-06 02:05:58',NULL,NULL),(356,NULL,NULL,'2013-01-16-1X9-10','2013-04-06 02:05:58','2013-04-06 02:05:58',NULL,NULL),(357,NULL,NULL,'2013-01-15-1X4-10','2013-04-06 02:05:58','2013-04-06 02:05:58',NULL,NULL),(358,NULL,NULL,'2013-01-15-1X9-10','2013-04-06 02:05:58','2013-04-06 02:05:58',NULL,NULL),(359,NULL,NULL,'2013-01-15-2X08-10','2013-04-06 02:05:58','2013-04-06 02:05:58',NULL,NULL),(360,NULL,NULL,'2013-01-14-1X4-10','2013-04-06 02:05:58','2013-04-06 02:05:58',NULL,NULL),(361,NULL,NULL,'2013-01-12-1X4-10','2013-04-06 02:05:58','2013-04-06 02:05:58',NULL,NULL),(362,NULL,NULL,'2013-01-12-1X6-10','2013-04-06 02:05:58','2013-04-06 02:05:58',NULL,NULL),(363,NULL,NULL,'2013-01-12-2X1-10','2013-04-06 02:05:58','2013-04-06 02:05:58',NULL,NULL),(364,NULL,NULL,'2013-01-12-2X9-10','2013-04-06 02:05:58','2013-04-06 02:05:58',NULL,NULL),(365,NULL,NULL,'2013-01-11-1X4-10','2013-04-06 02:05:58','2013-04-06 02:05:58',NULL,NULL),(366,NULL,NULL,'2013-01-11-1X9-10','2013-04-06 02:05:58','2013-04-06 02:05:58',NULL,NULL),(367,NULL,NULL,'2013-01-11-2X08-10','2013-04-06 02:05:58','2013-04-06 02:05:58',NULL,NULL),(368,NULL,NULL,'2013-01-11-2X1-10','2013-04-06 02:05:58','2013-04-06 02:05:58',NULL,NULL),(369,NULL,NULL,'2013-01-10-1X2-10','2013-04-06 02:05:58','2013-04-06 02:05:58',NULL,NULL),(370,NULL,NULL,'2013-01-10-1X4-10','2013-04-06 02:05:58','2013-04-06 02:05:58',NULL,NULL),(371,NULL,NULL,'2013-01-10-1X9-10','2013-04-06 02:05:58','2013-04-06 02:05:58',NULL,NULL),(372,NULL,NULL,'2013-01-10-2X1-10','2013-04-06 02:05:58','2013-04-06 02:05:58',NULL,NULL),(373,NULL,NULL,'2013-01-09-1X4-10','2013-04-06 02:05:58','2013-04-06 02:05:58',NULL,NULL),(374,NULL,NULL,'2013-01-09-1X7-10','2013-04-06 02:05:58','2013-04-06 02:05:58',NULL,NULL),(375,NULL,NULL,'2013-01-09-1X9-10','2013-04-06 02:05:58','2013-04-06 02:05:58',NULL,NULL),(376,NULL,NULL,'2013-01-09-2X1-10','2013-04-06 02:05:58','2013-04-06 02:05:58',NULL,NULL),(377,NULL,NULL,'2013-01-09-2X9-10','2013-04-06 02:05:58','2013-04-06 02:05:58',NULL,NULL),(378,NULL,NULL,'2013-01-08-1X2-10','2013-04-06 02:05:58','2013-04-06 02:05:58',NULL,NULL),(379,NULL,NULL,'2013-01-08-1X4-10','2013-04-06 02:05:58','2013-04-06 02:05:58',NULL,NULL),(380,NULL,NULL,'2013-01-08-1X7-10','2013-04-06 02:05:58','2013-04-06 02:05:58',NULL,NULL),(381,NULL,NULL,'2013-01-08-2X9-10','2013-04-06 02:05:58','2013-04-06 02:05:58',NULL,NULL),(382,NULL,NULL,'2013-01-07-1X9-10','2013-04-06 02:05:58','2013-04-06 02:05:58',NULL,NULL),(383,NULL,NULL,'2013-01-07-2X1-10','2013-04-06 02:05:58','2013-04-06 02:05:58',NULL,NULL),(384,NULL,NULL,'2013-01-05-1X2-10','2013-04-06 02:05:58','2013-04-06 02:05:58',NULL,NULL),(385,NULL,NULL,'2013-01-05-1X7-10','2013-04-06 02:05:58','2013-04-06 02:05:58',NULL,NULL),(386,NULL,NULL,'2013-01-05-1X9-10','2013-04-06 02:05:58','2013-04-06 02:05:58',NULL,NULL),(387,NULL,NULL,'2013-01-04-1X4-10','2013-04-06 02:05:58','2013-04-06 02:05:58',NULL,NULL),(388,NULL,NULL,'2013-01-04-2X1-10','2013-04-06 02:05:58','2013-04-06 02:05:58',NULL,NULL),(389,NULL,NULL,'2013-01-04-2X9-10','2013-04-06 02:05:58','2013-04-06 02:05:58',NULL,NULL),(390,NULL,NULL,'2013-01-03-1X2-10','2013-04-06 02:05:58','2013-04-06 02:05:58',NULL,NULL),(391,NULL,NULL,'2013-01-03-2X1-10','2013-04-06 02:05:58','2013-04-06 02:05:58',NULL,NULL),(392,NULL,NULL,'2013-01-02-1X9-10','2013-04-06 02:05:58','2013-04-06 02:05:58',NULL,NULL),(393,NULL,NULL,'2013-01-02-2X1-10','2013-04-06 02:05:58','2013-04-06 02:05:58',NULL,NULL),(394,NULL,NULL,'2012-12-28-1X4-10','2013-04-06 02:05:58','2013-04-06 02:05:58',NULL,NULL),(395,NULL,NULL,'2012-12-27-1X4-10','2013-04-06 02:05:58','2013-04-06 02:05:58',NULL,NULL),(396,NULL,NULL,'2012-12-26-1X4-10','2013-04-06 02:05:58','2013-04-06 02:05:58',NULL,NULL),(397,NULL,NULL,'2012-12-26-2X9-10','2013-04-06 02:05:58','2013-04-06 02:05:58',NULL,NULL),(398,NULL,NULL,'2012-12-25-2X1-10','2013-04-06 02:05:58','2013-04-06 02:05:58',NULL,NULL),(399,NULL,NULL,'2012-12-25-2X9-10','2013-04-06 02:05:58','2013-04-06 02:05:58',NULL,NULL),(400,NULL,NULL,'2012-12-24-1X2-10','2013-04-06 02:05:58','2013-04-06 02:05:58',NULL,NULL),(401,NULL,NULL,'2012-12-24-1X4-10','2013-04-06 02:05:58','2013-04-06 02:05:58',NULL,NULL),(402,NULL,NULL,'2012-12-22-1X4-10','2013-04-06 02:05:58','2013-04-06 02:05:58',NULL,NULL),(403,NULL,NULL,'2012-12-21-1X4-10','2013-04-06 02:05:58','2013-04-06 02:05:58',NULL,NULL),(404,NULL,NULL,'2012-12-21-2X1-10','2013-04-06 02:05:58','2013-04-06 02:05:58',NULL,NULL),(405,NULL,NULL,'2012-12-21-2X9-10','2013-04-06 02:05:58','2013-04-06 02:05:58',NULL,NULL),(406,NULL,NULL,'2012-12-20-2X1-10','2013-04-06 02:05:58','2013-04-06 02:05:58',NULL,NULL),(407,NULL,NULL,'2012-12-20-2X9-10','2013-04-06 02:05:58','2013-04-06 02:05:58',NULL,NULL),(408,NULL,NULL,'2012-12-19-1X7-10','2013-04-06 02:05:58','2013-04-06 02:05:58',NULL,NULL),(409,NULL,NULL,'2012-12-19-1X9-10','2013-04-06 02:05:58','2013-04-06 02:05:58',NULL,NULL),(410,NULL,NULL,'2012-12-19-2X1-10','2013-04-06 02:05:58','2013-04-06 02:05:58',NULL,NULL),(411,NULL,NULL,'2012-12-19-2X9-10','2013-04-06 02:05:58','2013-04-06 02:05:58',NULL,NULL),(412,NULL,NULL,'2012-12-18-1X7-10','2013-04-06 02:05:58','2013-04-06 02:05:58',NULL,NULL),(413,NULL,NULL,'2012-12-15-1X7-10','2013-04-06 02:05:58','2013-04-06 02:05:58',NULL,NULL),(414,NULL,NULL,'2012-12-15-1X9-10','2013-04-06 02:05:58','2013-04-06 02:05:58',NULL,NULL),(415,NULL,NULL,'2012-12-15-2X1-10','2013-04-06 02:05:58','2013-04-06 02:05:58',NULL,NULL),(416,NULL,NULL,'2012-12-14-1X4-10','2013-04-06 02:05:58','2013-04-06 02:05:58',NULL,NULL),(417,NULL,NULL,'2012-12-14-1X7-10','2013-04-06 02:05:58','2013-04-06 02:05:58',NULL,NULL),(418,NULL,NULL,'2012-12-14-1X9-10','2013-04-06 02:05:58','2013-04-06 02:05:58',NULL,NULL),(419,NULL,NULL,'2012-12-14-2X1-10','2013-04-06 02:05:58','2013-04-06 02:05:58',NULL,NULL),(420,NULL,NULL,'2012-12-14-2X9-10','2013-04-06 02:05:58','2013-04-06 02:05:58',NULL,NULL),(421,NULL,NULL,'2012-12-13-1X4-10','2013-04-06 02:05:58','2013-04-06 02:05:58',NULL,NULL),(422,NULL,NULL,'2012-12-13-1X7-10','2013-04-06 02:05:58','2013-04-06 02:05:58',NULL,NULL),(423,NULL,NULL,'2012-12-13-2X1-10','2013-04-06 02:05:58','2013-04-06 02:05:58',NULL,NULL),(424,NULL,NULL,'2012-12-13-2X9-10','2013-04-06 02:05:59','2013-04-06 02:05:59',NULL,NULL),(425,NULL,NULL,'2012-12-12-1X4-10','2013-04-06 02:05:59','2013-04-06 02:05:59',NULL,NULL),(426,NULL,NULL,'2012-12-12-2X1-10','2013-04-06 02:05:59','2013-04-06 02:05:59',NULL,NULL),(427,NULL,NULL,'2012-12-11-1X2-10','2013-04-06 02:05:59','2013-04-06 02:05:59',NULL,NULL),(428,NULL,NULL,'2012-12-11-2X1-10','2013-04-06 02:05:59','2013-04-06 02:05:59',NULL,NULL),(429,NULL,NULL,'2012-12-10-1X2-10','2013-04-06 02:05:59','2013-04-06 02:05:59',NULL,NULL),(430,NULL,NULL,'2012-12-10-1X4-10','2013-04-06 02:05:59','2013-04-06 02:05:59',NULL,NULL),(431,NULL,NULL,'2012-12-08-1X4-10','2013-04-06 02:05:59','2013-04-06 02:05:59',NULL,NULL),(432,NULL,NULL,'2012-12-08-2X1-10','2013-04-06 02:05:59','2013-04-06 02:05:59',NULL,NULL),(433,NULL,NULL,'2012-12-07-1X4-10','2013-04-06 02:05:59','2013-04-06 02:05:59',NULL,NULL),(434,NULL,NULL,'2012-12-04-1X4-10','2013-04-06 02:05:59','2013-04-06 02:05:59',NULL,NULL),(435,NULL,NULL,'2012-12-04-1X7-10','2013-04-06 02:05:59','2013-04-06 02:05:59',NULL,NULL),(436,NULL,NULL,'2012-12-03-1X4-10','2013-04-06 02:05:59','2013-04-06 02:05:59',NULL,NULL),(437,NULL,NULL,'2012-12-01-1X4-10','2013-04-06 02:05:59','2013-04-06 02:05:59',NULL,NULL),(438,NULL,NULL,'2012-12-01-1X7-10','2013-04-06 02:05:59','2013-04-06 02:05:59',NULL,NULL),(439,NULL,NULL,'2012-12-01-1X9-10','2013-04-06 02:05:59','2013-04-06 02:05:59',NULL,NULL),(440,NULL,NULL,'2012-11-30-1X4-10','2013-04-06 02:05:59','2013-04-06 02:05:59',NULL,NULL),(441,NULL,NULL,'2012-11-30-1X9-10','2013-04-06 02:05:59','2013-04-06 02:05:59',NULL,NULL),(442,NULL,NULL,'2012-11-30-2X9-10','2013-04-06 02:05:59','2013-04-06 02:05:59',NULL,NULL),(443,NULL,NULL,'2012-11-29-1X4-10','2013-04-06 02:05:59','2013-04-06 02:05:59',NULL,NULL),(444,NULL,NULL,'2012-11-29-1X6-10','2013-04-06 02:05:59','2013-04-06 02:05:59',NULL,NULL),(445,NULL,NULL,'2012-11-29-2X95-10','2013-04-06 02:05:59','2013-04-06 02:05:59',NULL,NULL),(446,NULL,NULL,'2012-11-28-1X4-10','2013-04-06 02:05:59','2013-04-06 02:05:59',NULL,NULL),(447,NULL,NULL,'2012-11-28-1X6-10','2013-04-06 02:05:59','2013-04-06 02:05:59',NULL,NULL),(448,NULL,NULL,'2012-11-28-1X7-10','2013-04-06 02:05:59','2013-04-06 02:05:59',NULL,NULL),(449,NULL,NULL,'2012-11-27-1X4-10','2013-04-06 02:05:59','2013-04-06 02:05:59',NULL,NULL),(450,NULL,NULL,'2012-11-27-1X7-10','2013-04-06 02:05:59','2013-04-06 02:05:59',NULL,NULL),(451,NULL,NULL,'2012-11-26-1X4-10','2013-04-06 02:05:59','2013-04-06 02:05:59',NULL,NULL),(452,NULL,NULL,'2012-11-26-1X6-10','2013-04-06 02:05:59','2013-04-06 02:05:59',NULL,NULL),(453,NULL,NULL,'2012-11-24-1X4-10','2013-04-06 02:05:59','2013-04-06 02:05:59',NULL,NULL),(454,NULL,NULL,'2012-11-24-1X7-10','2013-04-06 02:05:59','2013-04-06 02:05:59',NULL,NULL),(455,NULL,NULL,'2012-11-24-1X9-10','2013-04-06 02:05:59','2013-04-06 02:05:59',NULL,NULL),(456,NULL,NULL,'2012-11-23-1X4-10','2013-04-06 02:05:59','2013-04-06 02:05:59',NULL,NULL),(457,NULL,NULL,'2012-11-23-1X7-10','2013-04-06 02:05:59','2013-04-06 02:05:59',NULL,NULL),(458,NULL,NULL,'2012-11-23-1X9-10','2013-04-06 02:05:59','2013-04-06 02:05:59',NULL,NULL),(459,NULL,NULL,'2012-11-23-2X9-10','2013-04-06 02:05:59','2013-04-06 02:05:59',NULL,NULL),(460,NULL,NULL,'2012-11-22-1X4-10','2013-04-06 02:05:59','2013-04-06 02:05:59',NULL,NULL),(461,NULL,NULL,'2012-11-22-2X9-10','2013-04-06 02:05:59','2013-04-06 02:05:59',NULL,NULL),(462,NULL,NULL,'2012-11-21-1X4-10','2013-04-06 02:05:59','2013-04-06 02:05:59',NULL,NULL),(463,NULL,NULL,'2012-11-21-2X9-10','2013-04-06 02:05:59','2013-04-06 02:05:59',NULL,NULL),(464,NULL,NULL,'2012-11-20-1X4-10','2013-04-06 02:05:59','2013-04-06 02:05:59',NULL,NULL),(465,NULL,NULL,'2012-11-20-1X7-10','2013-04-06 02:05:59','2013-04-06 02:05:59',NULL,NULL),(466,NULL,NULL,'2012-11-19-1X7-10','2013-04-06 02:05:59','2013-04-06 02:05:59',NULL,NULL),(467,NULL,NULL,'2012-11-19-1X9-10','2013-04-06 02:05:59','2013-04-06 02:05:59',NULL,NULL),(468,NULL,NULL,'2012-11-19-2X9-10','2013-04-06 02:05:59','2013-04-06 02:05:59',NULL,NULL),(469,NULL,NULL,'2012-11-17-1X4-10','2013-04-06 02:05:59','2013-04-06 02:05:59',NULL,NULL),(470,NULL,NULL,'2012-11-17-2X1-10','2013-04-06 02:05:59','2013-04-06 02:05:59',NULL,NULL),(471,NULL,NULL,'2012-11-17-2X9-10','2013-04-06 02:05:59','2013-04-06 02:05:59',NULL,NULL),(472,NULL,NULL,'2012-11-16-1X4-10','2013-04-06 02:05:59','2013-04-06 02:05:59',NULL,NULL),(473,NULL,NULL,'2012-11-16-1X6-10','2013-04-06 02:05:59','2013-04-06 02:05:59',NULL,NULL),(474,NULL,NULL,'2012-11-16-2X1-10','2013-04-06 02:05:59','2013-04-06 02:05:59',NULL,NULL),(475,NULL,NULL,'2012-11-15-1X4-10','2013-04-06 02:05:59','2013-04-06 02:05:59',NULL,NULL),(476,NULL,NULL,'2012-11-14-1X4-10','2013-04-06 02:05:59','2013-04-06 02:05:59',NULL,NULL),(477,NULL,NULL,'2012-11-14-2X1-10','2013-04-06 02:05:59','2013-04-06 02:05:59',NULL,NULL),(478,NULL,NULL,'2012-11-13-1X7-10','2013-04-06 02:05:59','2013-04-06 02:05:59',NULL,NULL),(479,NULL,NULL,'2012-11-13-1X9-10','2013-04-06 02:05:59','2013-04-06 02:05:59',NULL,NULL),(480,NULL,NULL,'2012-11-13-2X9-10','2013-04-06 02:05:59','2013-04-06 02:05:59',NULL,NULL),(481,NULL,NULL,'2012-11-13-2X95-10','2013-04-06 02:05:59','2013-04-06 02:05:59',NULL,NULL),(482,NULL,NULL,'2012-11-12-1-10','2013-04-06 02:05:59','2013-04-06 02:05:59',NULL,NULL),(483,NULL,NULL,'2012-11-12-1X7-10','2013-04-06 02:05:59','2013-04-06 02:05:59',NULL,NULL),(484,NULL,NULL,'2012-11-12-1X9-10','2013-04-06 02:05:59','2013-04-06 02:05:59',NULL,NULL),(485,NULL,NULL,'2012-11-12-2X1-10','2013-04-06 02:05:59','2013-04-06 02:05:59',NULL,NULL),(486,NULL,NULL,'2012-11-10-1X9-10','2013-04-06 02:05:59','2013-04-06 02:05:59',NULL,NULL),(487,NULL,NULL,'2012-11-10-2X9-10','2013-04-06 02:05:59','2013-04-06 02:05:59',NULL,NULL),(488,NULL,NULL,'2012-11-09-1X4-10','2013-04-06 02:05:59','2013-04-06 02:05:59',NULL,NULL),(489,NULL,NULL,'2012-11-09-1X9-10','2013-04-06 02:05:59','2013-04-06 02:05:59',NULL,NULL),(490,NULL,NULL,'2012-11-09-2X1-10','2013-04-06 02:05:59','2013-04-06 02:05:59',NULL,NULL),(491,NULL,NULL,'2012-11-09-2X9-10','2013-04-06 02:05:59','2013-04-06 02:05:59',NULL,NULL),(492,NULL,NULL,'2012-11-08-1-10','2013-04-06 02:05:59','2013-04-06 02:05:59',NULL,NULL),(493,NULL,NULL,'2012-11-08-1X9-10','2013-04-06 02:05:59','2013-04-06 02:05:59',NULL,NULL),(494,NULL,NULL,'2012-11-08-2X1-10','2013-04-06 02:05:59','2013-04-06 02:05:59',NULL,NULL),(495,NULL,NULL,'2012-11-08-2X9-10','2013-04-06 02:05:59','2013-04-06 02:05:59',NULL,NULL),(496,NULL,NULL,'2012-11-08-2X95-10','2013-04-06 02:05:59','2013-04-06 02:05:59',NULL,NULL),(497,NULL,NULL,'2012-11-07-1X4-10','2013-04-06 02:05:59','2013-04-06 02:05:59',NULL,NULL),(498,NULL,NULL,'2012-11-07-1X7-10','2013-04-06 02:05:59','2013-04-06 02:05:59',NULL,NULL),(499,NULL,NULL,'2012-11-07-1X9-10','2013-04-06 02:05:59','2013-04-06 02:05:59',NULL,NULL),(500,NULL,NULL,'2012-11-07-2X9-10','2013-04-06 02:05:59','2013-04-06 02:05:59',NULL,NULL),(501,NULL,NULL,'2012-11-06-1X4-10','2013-04-06 02:05:59','2013-04-06 02:05:59',NULL,NULL),(502,NULL,NULL,'2012-11-06-1X9-10','2013-04-06 02:05:59','2013-04-06 02:05:59',NULL,NULL),(503,NULL,NULL,'2012-11-06-2X1-10','2013-04-06 02:05:59','2013-04-06 02:05:59',NULL,NULL),(504,NULL,NULL,'2012-11-06-2X95-10','2013-04-06 02:05:59','2013-04-06 02:05:59',NULL,NULL),(505,NULL,NULL,'2012-11-05-2X1-10','2013-04-06 02:05:59','2013-04-06 02:05:59',NULL,NULL),(506,NULL,NULL,'2012-11-05-2X9-10','2013-04-06 02:05:59','2013-04-06 02:05:59',NULL,NULL),(507,NULL,NULL,'2012-11-03-1X9-10','2013-04-06 02:05:59','2013-04-06 02:05:59',NULL,NULL),(508,NULL,NULL,'2012-11-03-2X1-10','2013-04-06 02:05:59','2013-04-06 02:05:59',NULL,NULL),(509,NULL,NULL,'2012-11-03-2X9-10','2013-04-06 02:05:59','2013-04-06 02:05:59',NULL,NULL),(510,NULL,NULL,'2012-11-02-1X4-10','2013-04-06 02:05:59','2013-04-06 02:05:59',NULL,NULL),(511,NULL,NULL,'2012-11-02-1X9-10','2013-04-06 02:05:59','2013-04-06 02:05:59',NULL,NULL),(512,NULL,NULL,'2012-11-02-2X1-10','2013-04-06 02:05:59','2013-04-06 02:05:59',NULL,NULL),(513,NULL,NULL,'2012-11-01-1X4-10','2013-04-06 02:05:59','2013-04-06 02:05:59',NULL,NULL),(514,NULL,NULL,'2012-11-01-2X1-10','2013-04-06 02:05:59','2013-04-06 02:05:59',NULL,NULL),(515,NULL,NULL,'2012-11-01-2X9-10','2013-04-06 02:05:59','2013-04-06 02:05:59',NULL,NULL),(516,NULL,NULL,'2012-10-31-1X2-10','2013-04-06 02:05:59','2013-04-06 02:05:59',NULL,NULL),(517,NULL,NULL,'2012-10-31-1X6-10','2013-04-06 02:05:59','2013-04-06 02:05:59',NULL,NULL),(518,NULL,NULL,'2012-10-31-1X7-10','2013-04-06 02:05:59','2013-04-06 02:05:59',NULL,NULL),(519,NULL,NULL,'2012-10-31-2X1-10','2013-04-06 02:05:59','2013-04-06 02:05:59',NULL,NULL),(520,NULL,NULL,'2012-10-30-1X6-10','2013-04-06 02:05:59','2013-04-06 02:05:59',NULL,NULL),(521,NULL,NULL,'2012-10-30-2X1-10','2013-04-06 02:05:59','2013-04-06 02:05:59',NULL,NULL),(522,NULL,NULL,'2012-10-29-1X4-10','2013-04-06 02:05:59','2013-04-06 02:05:59',NULL,NULL),(523,NULL,NULL,'2012-10-29-2X1-10','2013-04-06 02:05:59','2013-04-06 02:05:59',NULL,NULL),(524,NULL,NULL,'2012-10-29-2X9-10','2013-04-06 02:05:59','2013-04-06 02:05:59',NULL,NULL),(525,NULL,NULL,'2012-10-27-1X4-10','2013-04-06 02:05:59','2013-04-06 02:05:59',NULL,NULL),(526,NULL,NULL,'2012-10-27-2X9-10','2013-04-06 02:05:59','2013-04-06 02:05:59',NULL,NULL),(527,NULL,NULL,'2012-10-26-1X4-10','2013-04-06 02:05:59','2013-04-06 02:05:59',NULL,NULL),(528,NULL,NULL,'2012-10-26-1X9-10','2013-04-06 02:05:59','2013-04-06 02:05:59',NULL,NULL),(529,NULL,NULL,'2012-10-26-2X1-10','2013-04-06 02:05:59','2013-04-06 02:05:59',NULL,NULL),(530,NULL,NULL,'2012-10-25-1X4-10','2013-04-06 02:05:59','2013-04-06 02:05:59',NULL,NULL),(531,NULL,NULL,'2012-10-25-2X9-10','2013-04-06 02:05:59','2013-04-06 02:05:59',NULL,NULL),(532,NULL,NULL,'2012-10-24-1X4-10','2013-04-06 02:05:59','2013-04-06 02:05:59',NULL,NULL),(533,NULL,NULL,'2012-10-24-1X7-10','2013-04-06 02:05:59','2013-04-06 02:05:59',NULL,NULL),(534,NULL,NULL,'2012-10-24-1X9-10','2013-04-06 02:05:59','2013-04-06 02:05:59',NULL,NULL),(535,NULL,NULL,'2012-10-24-2X1-10','2013-04-06 02:05:59','2013-04-06 02:05:59',NULL,NULL),(536,NULL,NULL,'2012-10-23-1X2-10','2013-04-06 02:05:59','2013-04-06 02:05:59',NULL,NULL),(537,NULL,NULL,'2012-10-23-2X1-10','2013-04-06 02:05:59','2013-04-06 02:05:59',NULL,NULL),(538,NULL,NULL,'2012-10-23-2X9-10','2013-04-06 02:05:59','2013-04-06 02:05:59',NULL,NULL),(539,NULL,NULL,'2012-10-22-1X2-10','2013-04-06 02:05:59','2013-04-06 02:05:59',NULL,NULL),(540,NULL,NULL,'2012-10-22-1X4-10','2013-04-06 02:05:59','2013-04-06 02:05:59',NULL,NULL),(541,NULL,NULL,'2012-10-22-1X7-10','2013-04-06 02:05:59','2013-04-06 02:05:59',NULL,NULL),(542,NULL,NULL,'2012-10-22-2X9-10','2013-04-06 02:05:59','2013-04-06 02:05:59',NULL,NULL),(543,NULL,NULL,'2012-10-20-1X4-10','2013-04-06 02:05:59','2013-04-06 02:05:59',NULL,NULL),(544,NULL,NULL,'2012-10-20-2X9-10','2013-04-06 02:05:59','2013-04-06 02:05:59',NULL,NULL),(545,NULL,NULL,'2012-10-19-1X4-10','2013-04-06 02:05:59','2013-04-06 02:05:59',NULL,NULL),(546,NULL,NULL,'2012-10-19-1X9-10','2013-04-06 02:05:59','2013-04-06 02:05:59',NULL,NULL),(547,NULL,NULL,'2012-10-19-2X1-10','2013-04-06 02:05:59','2013-04-06 02:05:59',NULL,NULL),(548,NULL,NULL,'2012-10-18-1X4-10','2013-04-06 02:05:59','2013-04-06 02:05:59',NULL,NULL),(549,NULL,NULL,'2012-10-18-1X7-10','2013-04-06 02:05:59','2013-04-06 02:05:59',NULL,NULL),(550,NULL,NULL,'2012-10-18-1X9-10','2013-04-06 02:05:59','2013-04-06 02:05:59',NULL,NULL),(551,NULL,NULL,'2012-10-18-2X1-10','2013-04-06 02:05:59','2013-04-06 02:05:59',NULL,NULL),(552,NULL,NULL,'2012-10-18-2X9-10','2013-04-06 02:05:59','2013-04-06 02:05:59',NULL,NULL),(553,NULL,NULL,'2012-10-17-1X4-10','2013-04-06 02:05:59','2013-04-06 02:05:59',NULL,NULL),(554,NULL,NULL,'2012-10-17-1X7-10','2013-04-06 02:05:59','2013-04-06 02:05:59',NULL,NULL),(555,NULL,NULL,'2012-10-17-2X1-10','2013-04-06 02:05:59','2013-04-06 02:05:59',NULL,NULL),(556,NULL,NULL,'2012-10-17-2X9-10','2013-04-06 02:05:59','2013-04-06 02:05:59',NULL,NULL),(557,NULL,NULL,'2012-10-16-1X4-10','2013-04-06 02:05:59','2013-04-06 02:05:59',NULL,NULL),(558,NULL,NULL,'2012-10-16-2X9-10','2013-04-06 02:05:59','2013-04-06 02:05:59',NULL,NULL),(559,NULL,NULL,'2012-10-15-1X6-10','2013-04-06 02:05:59','2013-04-06 02:05:59',NULL,NULL),(560,NULL,NULL,'2012-10-15-2X9-10','2013-04-06 02:05:59','2013-04-06 02:05:59',NULL,NULL),(561,NULL,NULL,'2012-10-15-2X95-10','2013-04-06 02:05:59','2013-04-06 02:05:59',NULL,NULL),(562,NULL,NULL,'2012-10-13-2X1-10','2013-04-06 02:05:59','2013-04-06 02:05:59',NULL,NULL),(563,NULL,NULL,'2012-10-13-2X9-10','2013-04-06 02:05:59','2013-04-06 02:05:59',NULL,NULL),(564,NULL,NULL,'2012-10-13-2X95-10','2013-04-06 02:05:59','2013-04-06 02:05:59',NULL,NULL),(565,NULL,NULL,'2012-10-12-1X4-10','2013-04-06 02:05:59','2013-04-06 02:05:59',NULL,NULL),(566,NULL,NULL,'2012-10-12-1X7-10','2013-04-06 02:05:59','2013-04-06 02:05:59',NULL,NULL),(567,NULL,NULL,'2012-10-12-1X9-10','2013-04-06 02:05:59','2013-04-06 02:05:59',NULL,NULL),(568,NULL,NULL,'2012-10-11-1X2-10','2013-04-06 02:05:59','2013-04-06 02:05:59',NULL,NULL),(569,NULL,NULL,'2012-10-11-1X4-10','2013-04-06 02:05:59','2013-04-06 02:05:59',NULL,NULL),(570,NULL,NULL,'2012-10-11-1X6-10','2013-04-06 02:05:59','2013-04-06 02:05:59',NULL,NULL),(571,NULL,NULL,'2012-10-11-1X9-10','2013-04-06 02:05:59','2013-04-06 02:05:59',NULL,NULL),(572,NULL,NULL,'2012-10-11-2X1-10','2013-04-06 02:05:59','2013-04-06 02:05:59',NULL,NULL),(573,NULL,NULL,'2012-10-11-2X9-10','2013-04-06 02:05:59','2013-04-06 02:05:59',NULL,NULL),(574,NULL,NULL,'2012-10-10-1X35-10','2013-04-06 02:05:59','2013-04-06 02:05:59',NULL,NULL),(575,NULL,NULL,'2012-10-10-1X4-10','2013-04-06 02:05:59','2013-04-06 02:05:59',NULL,NULL),(576,NULL,NULL,'2012-10-09-1X35-10','2013-04-06 02:05:59','2013-04-06 02:05:59',NULL,NULL),(577,NULL,NULL,'2012-10-09-1X4-10','2013-04-06 02:05:59','2013-04-06 02:05:59',NULL,NULL),(578,NULL,NULL,'2012-10-09-1X7-10','2013-04-06 02:05:59','2013-04-06 02:05:59',NULL,NULL),(579,NULL,NULL,'2012-10-09-2X1-10','2013-04-06 02:05:59','2013-04-06 02:05:59',NULL,NULL),(580,NULL,NULL,'2012-10-08-1X7-10','2013-04-06 02:05:59','2013-04-06 02:05:59',NULL,NULL),(581,NULL,NULL,'2012-10-08-2X1-10','2013-04-06 02:05:59','2013-04-06 02:05:59',NULL,NULL),(582,NULL,NULL,'2012-10-08-2X9-10','2013-04-06 02:05:59','2013-04-06 02:05:59',NULL,NULL),(583,NULL,NULL,'2012-10-06-1X9-10','2013-04-06 02:05:59','2013-04-06 02:05:59',NULL,NULL),(584,NULL,NULL,'2012-10-06-2X1-10','2013-04-06 02:05:59','2013-04-06 02:05:59',NULL,NULL),(585,NULL,NULL,'2012-10-06-2X9-10','2013-04-06 02:05:59','2013-04-06 02:05:59',NULL,NULL),(586,NULL,NULL,'2012-10-05-1X4-10','2013-04-06 02:05:59','2013-04-06 02:05:59',NULL,NULL),(587,NULL,NULL,'2012-10-05-1X6-10','2013-04-06 02:05:59','2013-04-06 02:05:59',NULL,NULL),(588,NULL,NULL,'2012-10-05-1X7-10','2013-04-06 02:05:59','2013-04-06 02:05:59',NULL,NULL),(589,NULL,NULL,'2012-10-05-1X9-10','2013-04-06 02:05:59','2013-04-06 02:05:59',NULL,NULL),(590,NULL,NULL,'2012-10-05-2X9-10','2013-04-06 02:05:59','2013-04-06 02:05:59',NULL,NULL),(591,NULL,NULL,'2012-10-04-1X2-10','2013-04-06 02:05:59','2013-04-06 02:05:59',NULL,NULL),(592,NULL,NULL,'2012-10-04-1X4-10','2013-04-06 02:05:59','2013-04-06 02:05:59',NULL,NULL),(593,NULL,NULL,'2012-10-04-2X1-10','2013-04-06 02:05:59','2013-04-06 02:05:59',NULL,NULL),(594,NULL,NULL,'2012-10-04-2X9-10','2013-04-06 02:05:59','2013-04-06 02:05:59',NULL,NULL),(595,NULL,NULL,'2012-10-03-1X2-10','2013-04-06 02:05:59','2013-04-06 02:05:59',NULL,NULL),(596,NULL,NULL,'2012-10-03-1X4-10','2013-04-06 02:05:59','2013-04-06 02:05:59',NULL,NULL),(597,NULL,NULL,'2012-10-03-1X7-10','2013-04-06 02:05:59','2013-04-06 02:05:59',NULL,NULL),(598,NULL,NULL,'2012-10-03-2X1-10','2013-04-06 02:05:59','2013-04-06 02:05:59',NULL,NULL),(599,NULL,NULL,'2012-10-02-1X4-10','2013-04-06 02:05:59','2013-04-06 02:05:59',NULL,NULL),(600,NULL,NULL,'2012-10-02-1X7-10','2013-04-06 02:05:59','2013-04-06 02:05:59',NULL,NULL),(601,NULL,NULL,'2012-10-02-2X1-10','2013-04-06 02:05:59','2013-04-06 02:05:59',NULL,NULL),(602,NULL,NULL,'2012-10-01-1X4-10','2013-04-06 02:05:59','2013-04-06 02:05:59',NULL,NULL),(603,NULL,NULL,'2012-10-01-2X1-10','2013-04-06 02:05:59','2013-04-06 02:05:59',NULL,NULL),(604,NULL,NULL,'2012-10-01-2X9-10','2013-04-06 02:05:59','2013-04-06 02:05:59',NULL,NULL),(605,NULL,NULL,'2012-09-29-1X4-10','2013-04-06 02:05:59','2013-04-06 02:05:59',NULL,NULL),(606,NULL,NULL,'2012-09-29-1X9-10','2013-04-06 02:05:59','2013-04-06 02:05:59',NULL,NULL),(607,NULL,NULL,'2012-09-29-2X1-10','2013-04-06 02:05:59','2013-04-06 02:05:59',NULL,NULL),(608,NULL,NULL,'2012-09-28-1X4-10','2013-04-06 02:05:59','2013-04-06 02:05:59',NULL,NULL),(609,NULL,NULL,'2012-09-28-2X1-10','2013-04-06 02:05:59','2013-04-06 02:05:59',NULL,NULL),(610,NULL,NULL,'2012-09-28-2X9-10','2013-04-06 02:05:59','2013-04-06 02:05:59',NULL,NULL),(611,NULL,NULL,'2012-09-27-1X4-10','2013-04-06 02:05:59','2013-04-06 02:05:59',NULL,NULL),(612,NULL,NULL,'2012-09-27-1X9-10','2013-04-06 02:05:59','2013-04-06 02:05:59',NULL,NULL),(613,NULL,NULL,'2012-09-27-2X1-10','2013-04-06 02:05:59','2013-04-06 02:05:59',NULL,NULL),(614,NULL,NULL,'2012-09-25-1X4-10','2013-04-06 02:05:59','2013-04-06 02:05:59',NULL,NULL),(615,NULL,NULL,'2012-09-25-1X6-10','2013-04-06 02:05:59','2013-04-06 02:05:59',NULL,NULL),(616,NULL,NULL,'2012-09-25-2X1-10','2013-04-06 02:05:59','2013-04-06 02:05:59',NULL,NULL),(617,NULL,NULL,'2012-09-24-1X4-10','2013-04-06 02:05:59','2013-04-06 02:05:59',NULL,NULL),(618,NULL,NULL,'2012-09-24-2X1-10','2013-04-06 02:05:59','2013-04-06 02:05:59',NULL,NULL),(619,NULL,NULL,'2012-09-24-2X9-10','2013-04-06 02:05:59','2013-04-06 02:05:59',NULL,NULL),(620,NULL,NULL,'2012-09-22-1X4-10','2013-04-06 02:05:59','2013-04-06 02:05:59',NULL,NULL),(621,NULL,NULL,'2012-09-22-1X9-10','2013-04-06 02:05:59','2013-04-06 02:05:59',NULL,NULL),(622,NULL,NULL,'2012-09-22-2X1-10','2013-04-06 02:05:59','2013-04-06 02:05:59',NULL,NULL),(623,NULL,NULL,'2012-09-21-1X7-10','2013-04-06 02:05:59','2013-04-06 02:05:59',NULL,NULL),(624,NULL,NULL,'2012-09-21-1X9-10','2013-04-06 02:05:59','2013-04-06 02:05:59',NULL,NULL),(625,NULL,NULL,'2012-09-20-1X4-10','2013-04-06 02:05:59','2013-04-06 02:05:59',NULL,NULL),(626,NULL,NULL,'2012-09-20-1X7-10','2013-04-06 02:05:59','2013-04-06 02:05:59',NULL,NULL),(627,NULL,NULL,'2012-09-19-1X2-10','2013-04-06 02:05:59','2013-04-06 02:05:59',NULL,NULL),(628,NULL,NULL,'2012-09-19-2X1-10','2013-04-06 02:05:59','2013-04-06 02:05:59',NULL,NULL),(629,NULL,NULL,'2012-09-18-2X1-10','2013-04-06 02:05:59','2013-04-06 02:05:59',NULL,NULL),(630,NULL,NULL,'2012-09-18-2X9-10','2013-04-06 02:05:59','2013-04-06 02:05:59',NULL,NULL),(631,NULL,NULL,'2012-09-15-1X9-10','2013-04-06 02:05:59','2013-04-06 02:05:59',NULL,NULL),(632,NULL,NULL,'2012-09-15-2X1-10','2013-04-06 02:05:59','2013-04-06 02:05:59',NULL,NULL),(633,NULL,NULL,'2012-09-14-1X7-10','2013-04-06 02:05:59','2013-04-06 02:05:59',NULL,NULL),(634,NULL,NULL,'2012-09-14-1X9-10','2013-04-06 02:05:59','2013-04-06 02:05:59',NULL,NULL),(635,NULL,NULL,'2012-09-13-1X6-10','2013-04-06 02:05:59','2013-04-06 02:05:59',NULL,NULL),(636,NULL,NULL,'2012-09-13-1X9-10','2013-04-06 02:05:59','2013-04-06 02:05:59',NULL,NULL),(637,NULL,NULL,'2012-09-12-1X7-10','2013-04-06 02:05:59','2013-04-06 02:05:59',NULL,NULL),(638,NULL,NULL,'2012-09-12-1X9-10','2013-04-06 02:05:59','2013-04-06 02:05:59',NULL,NULL),(639,NULL,NULL,'2012-09-12-2X9-10','2013-04-06 02:05:59','2013-04-06 02:05:59',NULL,NULL),(640,NULL,NULL,'2012-09-11-1X4-10','2013-04-06 02:05:59','2013-04-06 02:05:59',NULL,NULL),(641,NULL,NULL,'2012-09-11-1X9-10','2013-04-06 02:05:59','2013-04-06 02:05:59',NULL,NULL),(642,NULL,NULL,'2012-09-10-1X4-10','2013-04-06 02:05:59','2013-04-06 02:05:59',NULL,NULL),(643,NULL,NULL,'2012-09-10-2X1-10','2013-04-06 02:05:59','2013-04-06 02:05:59',NULL,NULL),(644,NULL,NULL,'2012-09-10-2X9-10','2013-04-06 02:05:59','2013-04-06 02:05:59',NULL,NULL),(645,NULL,NULL,'2012-09-08-1X4-10','2013-04-06 02:05:59','2013-04-06 02:05:59',NULL,NULL),(646,NULL,NULL,'2012-09-08-2X1-10','2013-04-06 02:05:59','2013-04-06 02:05:59',NULL,NULL),(647,NULL,NULL,'2012-09-07-1X4-10','2013-04-06 02:05:59','2013-04-06 02:05:59',NULL,NULL),(648,NULL,NULL,'2012-09-07-1X7-10','2013-04-06 02:05:59','2013-04-06 02:05:59',NULL,NULL),(649,NULL,NULL,'2012-09-07-1X9-10','2013-04-06 02:05:59','2013-04-06 02:05:59',NULL,NULL),(650,NULL,NULL,'2012-09-07-2X1-10','2013-04-06 02:05:59','2013-04-06 02:05:59',NULL,NULL),(651,NULL,NULL,'2012-09-06-1X4-10','2013-04-06 02:05:59','2013-04-06 02:05:59',NULL,NULL),(652,NULL,NULL,'2012-09-06-1X7-10','2013-04-06 02:05:59','2013-04-06 02:05:59',NULL,NULL),(653,NULL,NULL,'2012-09-06-2X1-10','2013-04-06 02:05:59','2013-04-06 02:05:59',NULL,NULL),(654,NULL,NULL,'2012-09-05-1X4-10','2013-04-06 02:05:59','2013-04-06 02:05:59',NULL,NULL),(655,NULL,NULL,'2012-09-05-1X9-10','2013-04-06 02:05:59','2013-04-06 02:05:59',NULL,NULL),(656,NULL,NULL,'2012-09-05-2X1-10','2013-04-06 02:05:59','2013-04-06 02:05:59',NULL,NULL),(657,NULL,NULL,'2012-09-04-1X4-10','2013-04-06 02:05:59','2013-04-06 02:05:59',NULL,NULL),(658,NULL,NULL,'2012-09-04-1X7-10','2013-04-06 02:05:59','2013-04-06 02:05:59',NULL,NULL),(659,NULL,NULL,'2012-09-04-2X1-10','2013-04-06 02:05:59','2013-04-06 02:05:59',NULL,NULL),(660,NULL,NULL,'2012-09-03-1X4-10','2013-04-06 02:05:59','2013-04-06 02:05:59',NULL,NULL),(661,NULL,NULL,'2012-09-03-2X1-10','2013-04-06 02:05:59','2013-04-06 02:05:59',NULL,NULL),(662,NULL,NULL,'2012-09-01-1X4-10','2013-04-06 02:05:59','2013-04-06 02:05:59',NULL,NULL),(663,NULL,NULL,'2012-09-01-2X1-10','2013-04-06 02:05:59','2013-04-06 02:05:59',NULL,NULL),(664,NULL,NULL,'2012-08-31-1X4-10','2013-04-06 02:05:59','2013-04-06 02:05:59',NULL,NULL),(665,NULL,NULL,'2012-08-31-1X6-10','2013-04-06 02:05:59','2013-04-06 02:05:59',NULL,NULL),(666,NULL,NULL,'2012-08-31-1X7-10','2013-04-06 02:05:59','2013-04-06 02:05:59',NULL,NULL),(667,NULL,NULL,'2012-08-31-2X1-10','2013-04-06 02:05:59','2013-04-06 02:05:59',NULL,NULL),(668,NULL,NULL,'2012-08-30-1X4-10','2013-04-06 02:05:59','2013-04-06 02:05:59',NULL,NULL),(669,NULL,NULL,'2012-08-30-1X7-10','2013-04-06 02:05:59','2013-04-06 02:05:59',NULL,NULL),(670,NULL,NULL,'2012-08-29-2X1-10','2013-04-06 02:05:59','2013-04-06 02:05:59',NULL,NULL),(671,NULL,NULL,'2012-08-28-2X1-10','2013-04-06 02:05:59','2013-04-06 02:05:59',NULL,NULL),(672,NULL,NULL,'2012-08-28-2X9-10','2013-04-06 02:05:59','2013-04-06 02:05:59',NULL,NULL),(673,NULL,NULL,'2012-08-27-1X2-10','2013-04-06 02:05:59','2013-04-06 02:05:59',NULL,NULL),(674,NULL,NULL,'2012-08-27-1X4-10','2013-04-06 02:05:59','2013-04-06 02:05:59',NULL,NULL),(675,NULL,NULL,'2012-08-27-1X7-10','2013-04-06 02:05:59','2013-04-06 02:05:59',NULL,NULL),(676,NULL,NULL,'2012-08-27-2X9-10','2013-04-06 02:05:59','2013-04-06 02:05:59',NULL,NULL),(677,NULL,NULL,'2012-08-25-1X4-10','2013-04-06 02:05:59','2013-04-06 02:05:59',NULL,NULL),(678,NULL,NULL,'2012-08-25-2X1-10','2013-04-06 02:05:59','2013-04-06 02:05:59',NULL,NULL),(679,NULL,NULL,'2012-08-25-2X9-10','2013-04-06 02:05:59','2013-04-06 02:05:59',NULL,NULL),(680,NULL,NULL,'2012-08-24-1X4-10','2013-04-06 02:05:59','2013-04-06 02:05:59',NULL,NULL),(681,NULL,NULL,'2012-08-24-1X6-10','2013-04-06 02:05:59','2013-04-06 02:05:59',NULL,NULL),(682,NULL,NULL,'2012-08-24-1X9-10','2013-04-06 02:05:59','2013-04-06 02:05:59',NULL,NULL),(683,NULL,NULL,'2012-08-24-2X9-10','2013-04-06 02:05:59','2013-04-06 02:05:59',NULL,NULL),(684,NULL,NULL,'2012-08-23-1X4-10','2013-04-06 02:05:59','2013-04-06 02:05:59',NULL,NULL),(685,NULL,NULL,'2012-08-23-1X9-10','2013-04-06 02:05:59','2013-04-06 02:05:59',NULL,NULL),(686,NULL,NULL,'2012-08-23-2X1-10','2013-04-06 02:05:59','2013-04-06 02:05:59',NULL,NULL),(687,NULL,NULL,'2012-08-22-1X4-10','2013-04-06 02:05:59','2013-04-06 02:05:59',NULL,NULL),(688,NULL,NULL,'2012-08-21-1X4-10','2013-04-06 02:05:59','2013-04-06 02:05:59',NULL,NULL),(689,NULL,NULL,'2012-08-21-1X7-10','2013-04-06 02:05:59','2013-04-06 02:05:59',NULL,NULL),(690,NULL,NULL,'2012-08-21-2X9-10','2013-04-06 02:05:59','2013-04-06 02:05:59',NULL,NULL),(691,NULL,NULL,'2012-08-20-1X9-10','2013-04-06 02:05:59','2013-04-06 02:05:59',NULL,NULL),(692,NULL,NULL,'2012-08-20-2X1-10','2013-04-06 02:05:59','2013-04-06 02:05:59',NULL,NULL),(693,NULL,NULL,'2012-08-20-2X9-10','2013-04-06 02:05:59','2013-04-06 02:05:59',NULL,NULL),(694,NULL,NULL,'2012-08-18-2X1-10','2013-04-06 02:05:59','2013-04-06 02:05:59',NULL,NULL),(695,NULL,NULL,'2012-08-18-2X9-10','2013-04-06 02:05:59','2013-04-06 02:05:59',NULL,NULL),(696,NULL,NULL,'2012-08-17-1X7-10','2013-04-06 02:05:59','2013-04-06 02:05:59',NULL,NULL),(697,NULL,NULL,'2012-08-17-2X1-10','2013-04-06 02:05:59','2013-04-06 02:05:59',NULL,NULL),(698,NULL,NULL,'2012-08-17-2X9-10','2013-04-06 02:05:59','2013-04-06 02:05:59',NULL,NULL),(699,NULL,NULL,'2012-08-16-1X4-10','2013-04-06 02:05:59','2013-04-06 02:05:59',NULL,NULL),(700,NULL,NULL,'2012-08-16-1X7-10','2013-04-06 02:05:59','2013-04-06 02:05:59',NULL,NULL),(701,NULL,NULL,'2012-08-16-2X1-10','2013-04-06 02:05:59','2013-04-06 02:05:59',NULL,NULL),(702,NULL,NULL,'2012-08-15-1X4-10','2013-04-06 02:05:59','2013-04-06 02:05:59',NULL,NULL),(703,NULL,NULL,'2012-08-15-1X7-10','2013-04-06 02:05:59','2013-04-06 02:05:59',NULL,NULL),(704,NULL,NULL,'2012-08-15-1X9-10','2013-04-06 02:05:59','2013-04-06 02:05:59',NULL,NULL),(705,NULL,NULL,'2012-08-14-1X4-10','2013-04-06 02:05:59','2013-04-06 02:05:59',NULL,NULL),(706,NULL,NULL,'2012-08-14-1X9-10','2013-04-06 02:05:59','2013-04-06 02:05:59',NULL,NULL),(707,NULL,NULL,'2012-08-14-2X1-10','2013-04-06 02:05:59','2013-04-06 02:05:59',NULL,NULL),(708,NULL,NULL,'2012-08-14-2X9-10','2013-04-06 02:05:59','2013-04-06 02:05:59',NULL,NULL),(709,NULL,NULL,'2012-08-11-2X9-10','2013-04-06 02:05:59','2013-04-06 02:05:59',NULL,NULL),(710,NULL,NULL,'2012-08-10-2X1-10','2013-04-06 02:05:59','2013-04-06 02:05:59',NULL,NULL),(711,NULL,NULL,'2012-08-09-1X4-10','2013-04-06 02:05:59','2013-04-06 02:05:59',NULL,NULL),(712,NULL,NULL,'2012-08-09-1X6-10','2013-04-06 02:05:59','2013-04-06 02:05:59',NULL,NULL),(713,NULL,NULL,'2012-08-09-1X9-10','2013-04-06 02:05:59','2013-04-06 02:05:59',NULL,NULL),(714,NULL,NULL,'2012-08-09-2X1-10','2013-04-06 02:05:59','2013-04-06 02:05:59',NULL,NULL),(715,NULL,NULL,'2012-08-08-1X4-10','2013-04-06 02:05:59','2013-04-06 02:05:59',NULL,NULL),(716,NULL,NULL,'2012-08-07-2X1-10','2013-04-06 02:05:59','2013-04-06 02:05:59',NULL,NULL),(717,NULL,NULL,'2012-08-07-2X9-10','2013-04-06 02:05:59','2013-04-06 02:05:59',NULL,NULL),(718,NULL,NULL,'2012-08-06-1X4-10','2013-04-06 02:05:59','2013-04-06 02:05:59',NULL,NULL),(719,NULL,NULL,'2012-08-06-1X9-10','2013-04-06 02:05:59','2013-04-06 02:05:59',NULL,NULL),(720,NULL,NULL,'2012-08-06-2X9-10','2013-04-06 02:05:59','2013-04-06 02:05:59',NULL,NULL),(721,NULL,NULL,'2012-08-02-1X4-10','2013-04-06 02:05:59','2013-04-06 02:05:59',NULL,NULL),(722,NULL,NULL,'2012-08-02-2X1-10','2013-04-06 02:05:59','2013-04-06 02:05:59',NULL,NULL),(723,NULL,NULL,'2012-08-01-1X4-10','2013-04-06 02:05:59','2013-04-06 02:05:59',NULL,NULL),(724,NULL,NULL,'2012-08-01-1X7-10','2013-04-06 02:05:59','2013-04-06 02:05:59',NULL,NULL),(725,NULL,NULL,'2012-08-01-2X1-10','2013-04-06 02:05:59','2013-04-06 02:05:59',NULL,NULL),(726,NULL,NULL,'2012-08-01-2X9-10','2013-04-06 02:05:59','2013-04-06 02:05:59',NULL,NULL),(727,NULL,NULL,'2012-07-31-1X2-10','2013-04-06 02:05:59','2013-04-06 02:05:59',NULL,NULL),(728,NULL,NULL,'2012-07-31-1X4-10','2013-04-06 02:05:59','2013-04-06 02:05:59',NULL,NULL),(729,NULL,NULL,'2012-07-31-2X1-10','2013-04-06 02:05:59','2013-04-06 02:05:59',NULL,NULL),(730,NULL,NULL,'2012-07-30-1X4-10','2013-04-06 02:05:59','2013-04-06 02:05:59',NULL,NULL),(731,NULL,NULL,'2012-07-30-2X1-10','2013-04-06 02:05:59','2013-04-06 02:05:59',NULL,NULL),(732,NULL,NULL,'2012-07-28-1X2-10','2013-04-06 02:05:59','2013-04-06 02:05:59',NULL,NULL),(733,NULL,NULL,'2012-07-28-1X4-10','2013-04-06 02:05:59','2013-04-06 02:05:59',NULL,NULL),(734,NULL,NULL,'2012-07-27-1X4-10','2013-04-06 02:05:59','2013-04-06 02:05:59',NULL,NULL),(735,NULL,NULL,'2012-07-27-1X7-10','2013-04-06 02:05:59','2013-04-06 02:05:59',NULL,NULL),(736,NULL,NULL,'2012-07-27-2X1-10','2013-04-06 02:05:59','2013-04-06 02:05:59',NULL,NULL),(737,NULL,NULL,'2012-07-27-2X9-10','2013-04-06 02:05:59','2013-04-06 02:05:59',NULL,NULL),(738,NULL,NULL,'2012-07-26-1X4-10','2013-04-06 02:05:59','2013-04-06 02:05:59',NULL,NULL),(739,NULL,NULL,'2012-07-26-2X1-10','2013-04-06 02:05:59','2013-04-06 02:05:59',NULL,NULL),(740,NULL,NULL,'2012-07-26-2X9-10','2013-04-06 02:05:59','2013-04-06 02:05:59',NULL,NULL),(741,NULL,NULL,'2012-07-25-2X1-10','2013-04-06 02:05:59','2013-04-06 02:05:59',NULL,NULL),(742,NULL,NULL,'2012-07-25-2X9-10','2013-04-06 02:05:59','2013-04-06 02:05:59',NULL,NULL),(743,NULL,NULL,'2012-07-24-2X1-10','2013-04-06 02:05:59','2013-04-06 02:05:59',NULL,NULL),(744,NULL,NULL,'2012-07-23-1X4-10','2013-04-06 02:05:59','2013-04-06 02:05:59',NULL,NULL),(745,NULL,NULL,'2012-07-23-1X7-10','2013-04-06 02:05:59','2013-04-06 02:05:59',NULL,NULL),(746,NULL,NULL,'2012-07-23-2X1-10','2013-04-06 02:05:59','2013-04-06 02:05:59',NULL,NULL),(747,NULL,NULL,'2012-07-21-2X9-10','2013-04-06 02:05:59','2013-04-06 02:05:59',NULL,NULL),(748,NULL,NULL,'2012-07-20-1X9-10','2013-04-06 02:05:59','2013-04-06 02:05:59',NULL,NULL),(749,NULL,NULL,'2012-07-20-2X1-10','2013-04-06 02:05:59','2013-04-06 02:05:59',NULL,NULL),(750,NULL,NULL,'2012-07-20-2X9-10','2013-04-06 02:05:59','2013-04-06 02:05:59',NULL,NULL),(751,NULL,NULL,'2012-07-19-2X9-10','2013-04-06 02:05:59','2013-04-06 02:05:59',NULL,NULL),(752,NULL,NULL,'2012-07-18-1X2-10','2013-04-06 02:05:59','2013-04-06 02:05:59',NULL,NULL),(753,NULL,NULL,'2012-07-16-1X9-10','2013-04-06 02:05:59','2013-04-06 02:05:59',NULL,NULL),(754,NULL,NULL,'2012-07-14-1X4-10','2013-04-06 02:05:59','2013-04-06 02:05:59',NULL,NULL),(755,NULL,NULL,'2012-07-13-1X4-10','2013-04-06 02:06:00','2013-04-06 02:06:00',NULL,NULL),(756,NULL,NULL,'2012-07-13-1X6-10','2013-04-06 02:06:00','2013-04-06 02:06:00',NULL,NULL),(757,NULL,NULL,'2012-07-13-1X9-10','2013-04-06 02:06:00','2013-04-06 02:06:00',NULL,NULL),(758,NULL,NULL,'2012-07-13-2X1-10','2013-04-06 02:06:00','2013-04-06 02:06:00',NULL,NULL),(759,NULL,NULL,'2012-07-12-1X9-10','2013-04-06 02:06:00','2013-04-06 02:06:00',NULL,NULL),(760,NULL,NULL,'2012-07-11-1X4-10','2013-04-06 02:06:00','2013-04-06 02:06:00',NULL,NULL),(761,NULL,NULL,'2012-07-11-1X9-10','2013-04-06 02:06:00','2013-04-06 02:06:00',NULL,NULL),(762,NULL,NULL,'2012-07-10-1X7-10','2013-04-06 02:06:00','2013-04-06 02:06:00',NULL,NULL),(763,NULL,NULL,'2012-07-10-1X9-10','2013-04-06 02:06:00','2013-04-06 02:06:00',NULL,NULL),(764,NULL,NULL,'2012-07-09-1X4-10','2013-04-06 02:06:00','2013-04-06 02:06:00',NULL,NULL),(765,NULL,NULL,'2012-07-07-1X4-10','2013-04-06 02:06:00','2013-04-06 02:06:00',NULL,NULL),(766,NULL,NULL,'2012-07-06-1X2-10','2013-04-06 02:06:00','2013-04-06 02:06:00',NULL,NULL),(767,NULL,NULL,'2012-07-06-1X4-10','2013-04-06 02:06:00','2013-04-06 02:06:00',NULL,NULL),(768,NULL,NULL,'2012-07-06-2X1-10','2013-04-06 02:06:00','2013-04-06 02:06:00',NULL,NULL),(769,NULL,NULL,'2012-07-05-1X4-10','2013-04-06 02:06:00','2013-04-06 02:06:00',NULL,NULL),(770,NULL,NULL,'2012-07-05-1X7-10','2013-04-06 02:06:00','2013-04-06 02:06:00',NULL,NULL),(771,NULL,NULL,'2012-07-05-1X9-10','2013-04-06 02:06:00','2013-04-06 02:06:00',NULL,NULL),(772,NULL,NULL,'2012-07-04-1X4-10','2013-04-06 02:06:00','2013-04-06 02:06:00',NULL,NULL),(773,NULL,NULL,'2012-07-03-1X4-10','2013-04-06 02:06:00','2013-04-06 02:06:00',NULL,NULL),(774,NULL,NULL,'2012-07-02-1X4-10','2013-04-06 02:06:00','2013-04-06 02:06:00',NULL,NULL),(775,NULL,NULL,'2012-07-02-2X1-10','2013-04-06 02:06:00','2013-04-06 02:06:00',NULL,NULL),(776,NULL,NULL,'2012-06-30-1X4-10','2013-04-06 02:06:00','2013-04-06 02:06:00',NULL,NULL),(777,NULL,NULL,'2012-06-30-2X1-10','2013-04-06 02:06:00','2013-04-06 02:06:00',NULL,NULL),(778,NULL,NULL,'2012-06-30-2X9-10','2013-04-06 02:06:00','2013-04-06 02:06:00',NULL,NULL),(779,NULL,NULL,'2012-06-29-1X4-10','2013-04-06 02:06:00','2013-04-06 02:06:00',NULL,NULL),(780,NULL,NULL,'2012-06-28-1X4-10','2013-04-06 02:06:00','2013-04-06 02:06:00',NULL,NULL),(781,NULL,NULL,'2012-06-28-2X9-10','2013-04-06 02:06:00','2013-04-06 02:06:00',NULL,NULL),(782,NULL,NULL,'2012-06-27-1X4-10','2013-04-06 02:06:00','2013-04-06 02:06:00',NULL,NULL),(783,NULL,NULL,'2012-06-27-2X9-10','2013-04-06 02:06:00','2013-04-06 02:06:00',NULL,NULL),(784,NULL,NULL,'2012-06-26-1X9-10','2013-04-06 02:06:00','2013-04-06 02:06:00',NULL,NULL),(785,NULL,NULL,'2012-06-26-2X9-10','2013-04-06 02:06:00','2013-04-06 02:06:00',NULL,NULL),(786,NULL,NULL,'2012-06-23-2X1-10','2013-04-06 02:06:00','2013-04-06 02:06:00',NULL,NULL),(787,NULL,NULL,'2012-06-22-2X1-10','2013-04-06 02:06:00','2013-04-06 02:06:00',NULL,NULL),(788,NULL,NULL,'2012-06-21-1X4-10','2013-04-06 02:06:00','2013-04-06 02:06:00',NULL,NULL),(789,NULL,NULL,'2012-06-21-1X7-10','2013-04-06 02:06:00','2013-04-06 02:06:00',NULL,NULL),(790,NULL,NULL,'2012-06-21-1X9-10','2013-04-06 02:06:00','2013-04-06 02:06:00',NULL,NULL),(791,NULL,NULL,'2012-06-21-2X1-10','2013-04-06 02:06:00','2013-04-06 02:06:00',NULL,NULL),(792,NULL,NULL,'2012-06-20-1X4-10','2013-04-06 02:06:00','2013-04-06 02:06:00',NULL,NULL),(793,NULL,NULL,'2012-06-20-1X9-10','2013-04-06 02:06:00','2013-04-06 02:06:00',NULL,NULL),(794,NULL,NULL,'2012-06-20-2X1-10','2013-04-06 02:06:00','2013-04-06 02:06:00',NULL,NULL),(795,NULL,NULL,'2012-06-19-2X1-10','2013-04-06 02:06:00','2013-04-06 02:06:00',NULL,NULL),(796,NULL,NULL,'2012-06-19-2X9-10','2013-04-06 02:06:00','2013-04-06 02:06:00',NULL,NULL),(797,NULL,NULL,'2012-06-18-1X7-10','2013-04-06 02:06:00','2013-04-06 02:06:00',NULL,NULL),(798,NULL,NULL,'2012-06-18-2X1-10','2013-04-06 02:06:00','2013-04-06 02:06:00',NULL,NULL),(799,NULL,NULL,'2012-06-18-2X9-10','2013-04-06 02:06:00','2013-04-06 02:06:00',NULL,NULL),(800,NULL,NULL,'2012-06-16-1X4-10','2013-04-06 02:06:00','2013-04-06 02:06:00',NULL,NULL),(801,NULL,NULL,'2012-06-16-1X9-10','2013-04-06 02:06:00','2013-04-06 02:06:00',NULL,NULL),(802,NULL,NULL,'2012-06-16-2X1-10','2013-04-06 02:06:00','2013-04-06 02:06:00',NULL,NULL),(803,NULL,NULL,'2012-06-15-1X4-10','2013-04-06 02:06:00','2013-04-06 02:06:00',NULL,NULL),(804,NULL,NULL,'2012-06-15-2X1-10','2013-04-06 02:06:00','2013-04-06 02:06:00',NULL,NULL),(805,NULL,NULL,'2012-06-14-2X1-10','2013-04-06 02:06:00','2013-04-06 02:06:00',NULL,NULL),(806,NULL,NULL,'2012-06-13-1X2-10','2013-04-06 02:06:00','2013-04-06 02:06:00',NULL,NULL),(807,NULL,NULL,'2012-06-13-1X4-10','2013-04-06 02:06:00','2013-04-06 02:06:00',NULL,NULL),(808,NULL,NULL,'2012-06-13-1X7-10','2013-04-06 02:06:00','2013-04-06 02:06:00',NULL,NULL),(809,NULL,NULL,'2012-06-13-2X9-10','2013-04-06 02:06:00','2013-04-06 02:06:00',NULL,NULL),(810,NULL,NULL,'2012-06-12-1X2-10','2013-04-06 02:06:00','2013-04-06 02:06:00',NULL,NULL),(811,NULL,NULL,'2012-06-12-1X4-10','2013-04-06 02:06:00','2013-04-06 02:06:00',NULL,NULL),(812,NULL,NULL,'2012-06-11-1X4-10','2013-04-06 02:06:00','2013-04-06 02:06:00',NULL,NULL),(813,NULL,NULL,'2012-06-09-1X4-10','2013-04-06 02:06:00','2013-04-06 02:06:00',NULL,NULL),(814,NULL,NULL,'2012-06-09-1X9-10','2013-04-06 02:06:00','2013-04-06 02:06:00',NULL,NULL),(815,NULL,NULL,'2012-06-08-1X4-10','2013-04-06 02:06:00','2013-04-06 02:06:00',NULL,NULL),(816,NULL,NULL,'2012-06-08-2X1-10','2013-04-06 02:06:00','2013-04-06 02:06:00',NULL,NULL),(817,NULL,NULL,'2012-06-07-1X4-10','2013-04-06 02:06:00','2013-04-06 02:06:00',NULL,NULL),(818,NULL,NULL,'2012-06-07-1X9-10','2013-04-06 02:06:00','2013-04-06 02:06:00',NULL,NULL),(819,NULL,NULL,'2012-06-07-2X1-10','2013-04-06 02:06:00','2013-04-06 02:06:00',NULL,NULL),(820,NULL,NULL,'2012-06-06-1X4-10','2013-04-06 02:06:00','2013-04-06 02:06:00',NULL,NULL),(821,NULL,NULL,'2012-06-06-2X9-10','2013-04-06 02:06:00','2013-04-06 02:06:00',NULL,NULL),(822,NULL,NULL,'2012-06-05-1X2-10','2013-04-06 02:06:00','2013-04-06 02:06:00',NULL,NULL),(823,NULL,NULL,'2012-06-05-1X4-10','2013-04-06 02:06:00','2013-04-06 02:06:00',NULL,NULL),(824,NULL,NULL,'2012-06-05-2X1-10','2013-04-06 02:06:00','2013-04-06 02:06:00',NULL,NULL),(825,NULL,NULL,'2012-06-05-2X9-10','2013-04-06 02:06:00','2013-04-06 02:06:00',NULL,NULL),(826,NULL,NULL,'2012-06-04-1X2-10','2013-04-06 02:06:00','2013-04-06 02:06:00',NULL,NULL),(827,NULL,NULL,'2012-06-04-1X7-10','2013-04-06 02:06:00','2013-04-06 02:06:00',NULL,NULL),(828,NULL,NULL,'2012-06-02-1X4-10','2013-04-06 02:06:00','2013-04-06 02:06:00',NULL,NULL),(829,NULL,NULL,'2012-06-01-1X9-10','2013-04-06 02:06:00','2013-04-06 02:06:00',NULL,NULL),(830,NULL,NULL,'2012-05-31-2X1-10','2013-04-06 02:06:00','2013-04-06 02:06:00',NULL,NULL),(831,NULL,NULL,'2012-05-30-1X4-10','2013-04-06 02:06:00','2013-04-06 02:06:00',NULL,NULL),(832,NULL,NULL,'2012-05-29-1X4-10','2013-04-06 02:06:00','2013-04-06 02:06:00',NULL,NULL),(833,NULL,NULL,'2012-05-29-1X9-10','2013-04-06 02:06:00','2013-04-06 02:06:00',NULL,NULL),(834,NULL,NULL,'2012-05-28-1X7-10','2013-04-06 02:06:00','2013-04-06 02:06:00',NULL,NULL),(835,NULL,NULL,'2012-05-28-1X9-10','2013-04-06 02:06:00','2013-04-06 02:06:00',NULL,NULL),(836,NULL,NULL,'2012-05-26-1X2-10','2013-04-06 02:06:00','2013-04-06 02:06:00',NULL,NULL),(837,NULL,NULL,'2012-05-26-1X4-10','2013-04-06 02:06:00','2013-04-06 02:06:00',NULL,NULL),(838,NULL,NULL,'2012-05-26-1X7-10','2013-04-06 02:06:00','2013-04-06 02:06:00',NULL,NULL),(839,NULL,NULL,'2012-05-25-1X4-10','2013-04-06 02:06:00','2013-04-06 02:06:00',NULL,NULL),(840,NULL,NULL,'2012-05-25-1X6-10','2013-04-06 02:06:00','2013-04-06 02:06:00',NULL,NULL),(841,NULL,NULL,'2012-05-24-1X9-10','2013-04-06 02:06:00','2013-04-06 02:06:00',NULL,NULL),(842,NULL,NULL,'2012-05-24-2X1-10','2013-04-06 02:06:00','2013-04-06 02:06:00',NULL,NULL),(843,NULL,NULL,'2012-05-24-2X9-10','2013-04-06 02:06:00','2013-04-06 02:06:00',NULL,NULL),(844,NULL,NULL,'2012-05-23-1X4-10','2013-04-06 02:06:00','2013-04-06 02:06:00',NULL,NULL),(845,NULL,NULL,'2012-05-23-1X7-10','2013-04-06 02:06:00','2013-04-06 02:06:00',NULL,NULL),(846,NULL,NULL,'2012-05-23-2X1-10','2013-04-06 02:06:00','2013-04-06 02:06:00',NULL,NULL),(847,NULL,NULL,'2012-05-22-1X2-10','2013-04-06 02:06:00','2013-04-06 02:06:00',NULL,NULL),(848,NULL,NULL,'2012-05-22-1X4-10','2013-04-06 02:06:00','2013-04-06 02:06:00',NULL,NULL),(849,NULL,NULL,'2012-05-22-1X7-10','2013-04-06 02:06:00','2013-04-06 02:06:00',NULL,NULL),(850,NULL,NULL,'2012-05-21-1X4-10','2013-04-06 02:06:00','2013-04-06 02:06:00',NULL,NULL),(851,NULL,NULL,'2012-05-21-2X1-10','2013-04-06 02:06:00','2013-04-06 02:06:00',NULL,NULL),(852,NULL,NULL,'2012-05-21-2X9-10','2013-04-06 02:06:00','2013-04-06 02:06:00',NULL,NULL),(853,NULL,NULL,'2012-05-19-1X4-10','2013-04-06 02:06:00','2013-04-06 02:06:00',NULL,NULL),(854,NULL,NULL,'2012-05-19-1X9-10','2013-04-06 02:06:00','2013-04-06 02:06:00',NULL,NULL),(855,NULL,NULL,'2012-05-19-2X1-10','2013-04-06 02:06:00','2013-04-06 02:06:00',NULL,NULL),(856,NULL,NULL,'2012-05-18-1X4-10','2013-04-06 02:06:00','2013-04-06 02:06:00',NULL,NULL),(857,NULL,NULL,'2012-05-18-1X8-10','2013-04-06 02:06:00','2013-04-06 02:06:00',NULL,NULL),(858,NULL,NULL,'2012-05-17-1X4-10','2013-04-06 02:06:00','2013-04-06 02:06:00',NULL,NULL),(859,NULL,NULL,'2012-05-17-1X6-10','2013-04-06 02:06:00','2013-04-06 02:06:00',NULL,NULL),(860,NULL,NULL,'2012-05-17-1X8-10','2013-04-06 02:06:00','2013-04-06 02:06:00',NULL,NULL),(861,NULL,NULL,'2012-05-16-1X4-10','2013-04-06 02:06:00','2013-04-06 02:06:00',NULL,NULL),(862,NULL,NULL,'2012-05-15-1X4-10','2013-04-06 02:06:00','2013-04-06 02:06:00',NULL,NULL),(863,NULL,NULL,'2012-05-15-2X65-10','2013-04-06 02:06:00','2013-04-06 02:06:00',NULL,NULL),(864,NULL,NULL,'2012-05-14-1X4-10','2013-04-06 02:06:00','2013-04-06 02:06:00',NULL,NULL),(865,NULL,NULL,'2012-05-12-1X2-10','2013-04-06 02:06:00','2013-04-06 02:06:00',NULL,NULL),(866,NULL,NULL,'2012-05-12-1X4-10','2013-04-06 02:06:00','2013-04-06 02:06:00',NULL,NULL),(867,NULL,NULL,'2012-05-11-1X2-10','2013-04-06 02:06:00','2013-04-06 02:06:00',NULL,NULL),(868,NULL,NULL,'2012-05-11-2X1-10','2013-04-06 02:06:00','2013-04-06 02:06:00',NULL,NULL),(869,NULL,NULL,'2012-05-11-2X9-10','2013-04-06 02:06:00','2013-04-06 02:06:00',NULL,NULL),(870,NULL,NULL,'2012-05-10-1X4-10','2013-04-06 02:06:00','2013-04-06 02:06:00',NULL,NULL),(871,NULL,NULL,'2012-05-10-2X1-10','2013-04-06 02:06:00','2013-04-06 02:06:00',NULL,NULL),(872,NULL,NULL,'2012-05-09-1X4-10','2013-04-06 02:06:00','2013-04-06 02:06:00',NULL,NULL),(873,NULL,NULL,'2012-05-09-1X7-10','2013-04-06 02:06:00','2013-04-06 02:06:00',NULL,NULL),(874,NULL,NULL,'2012-05-09-2X1-10','2013-04-06 02:06:00','2013-04-06 02:06:00',NULL,NULL),(875,NULL,NULL,'2012-05-08-1X6-10','2013-04-06 02:06:00','2013-04-06 02:06:00',NULL,NULL),(876,NULL,NULL,'2012-05-08-1X7-10','2013-04-06 02:06:00','2013-04-06 02:06:00',NULL,NULL),(877,NULL,NULL,'2012-05-08-2X1-10','2013-04-06 02:06:00','2013-04-06 02:06:00',NULL,NULL),(878,NULL,NULL,'2012-05-08-2X9-10','2013-04-06 02:06:00','2013-04-06 02:06:00',NULL,NULL),(879,NULL,NULL,'2012-05-07-2X9-10','2013-04-06 02:06:00','2013-04-06 02:06:00',NULL,NULL),(880,NULL,NULL,'2012-05-05-1X4-10','2013-04-06 02:06:00','2013-04-06 02:06:00',NULL,NULL),(881,NULL,NULL,'2012-05-05-2X9-10','2013-04-06 02:06:00','2013-04-06 02:06:00',NULL,NULL),(882,NULL,NULL,'2012-05-04-1X4-10','2013-04-06 02:06:00','2013-04-06 02:06:00',NULL,NULL),(883,NULL,NULL,'2012-05-04-1X6-10','2013-04-06 02:06:00','2013-04-06 02:06:00',NULL,NULL),(884,NULL,NULL,'2012-05-04-2X9-10','2013-04-06 02:06:00','2013-04-06 02:06:00',NULL,NULL),(885,NULL,NULL,'2012-05-03-1X4-10','2013-04-06 02:06:00','2013-04-06 02:06:00',NULL,NULL),(886,NULL,NULL,'2012-05-03-2X1-10','2013-04-06 02:06:00','2013-04-06 02:06:00',NULL,NULL),(887,NULL,NULL,'2012-05-02-2X1-10','2013-04-06 02:06:00','2013-04-06 02:06:00',NULL,NULL),(888,NULL,NULL,'2012-04-30-1X4-10','2013-04-06 02:06:00','2013-04-06 02:06:00',NULL,NULL),(889,NULL,NULL,'2012-04-30-2X1-10','2013-04-06 02:06:00','2013-04-06 02:06:00',NULL,NULL),(890,NULL,NULL,'2012-04-29-1X4-10','2013-04-06 02:06:00','2013-04-06 02:06:00',NULL,NULL),(891,NULL,NULL,'2012-04-29-1X9-10','2013-04-06 02:06:00','2013-04-06 02:06:00',NULL,NULL),(892,NULL,NULL,'2012-04-29-2X1-10','2013-04-06 02:06:00','2013-04-06 02:06:00',NULL,NULL),(893,NULL,NULL,'2012-04-28-1X4-10','2013-04-06 02:06:00','2013-04-06 02:06:00',NULL,NULL),(894,NULL,NULL,'2012-04-28-1X9-10','2013-04-06 02:06:00','2013-04-06 02:06:00',NULL,NULL),(895,NULL,NULL,'2012-04-27-1X2-10','2013-04-06 02:06:00','2013-04-06 02:06:00',NULL,NULL),(896,NULL,NULL,'2012-04-27-1X4-10','2013-04-06 02:06:00','2013-04-06 02:06:00',NULL,NULL),(897,NULL,NULL,'2012-04-27-1X8-10','2013-04-06 02:06:00','2013-04-06 02:06:00',NULL,NULL),(898,NULL,NULL,'2012-04-26-1X4-10','2013-04-06 02:06:00','2013-04-06 02:06:00',NULL,NULL),(899,NULL,NULL,'2012-04-26-2X1-10','2013-04-06 02:06:00','2013-04-06 02:06:00',NULL,NULL),(900,NULL,NULL,'2012-04-25-1X2-10','2013-04-06 02:06:00','2013-04-06 02:06:00',NULL,NULL),(901,NULL,NULL,'2012-04-25-1X4-10','2013-04-06 02:06:00','2013-04-06 02:06:00',NULL,NULL),(902,NULL,NULL,'2012-04-25-1X9-10','2013-04-06 02:06:00','2013-04-06 02:06:00',NULL,NULL),(903,NULL,NULL,'2012-04-24-1X9-10','2013-04-06 02:06:00','2013-04-06 02:06:00',NULL,NULL),(904,NULL,NULL,'2012-04-24-2X1-10','2013-04-06 02:06:00','2013-04-06 02:06:00',NULL,NULL),(905,NULL,NULL,'2012-04-23-1X4-10','2013-04-06 02:06:00','2013-04-06 02:06:00',NULL,NULL),(906,NULL,NULL,'2012-04-23-1X9-10','2013-04-06 02:06:00','2013-04-06 02:06:00',NULL,NULL),(907,NULL,NULL,'2012-04-23-2X1-10','2013-04-06 02:06:00','2013-04-06 02:06:00',NULL,NULL),(908,NULL,NULL,'2012-04-22-2X1-10','2013-04-06 02:06:00','2013-04-06 02:06:00',NULL,NULL),(909,NULL,NULL,'2012-04-22-2X9-10','2013-04-06 02:06:00','2013-04-06 02:06:00',NULL,NULL),(910,NULL,NULL,'2012-04-18-1X4-10','2013-04-06 02:06:00','2013-04-06 02:06:00',NULL,NULL),(911,NULL,NULL,'2012-04-17-1X4-10','2013-04-06 02:06:00','2013-04-06 02:06:00',NULL,NULL),(912,NULL,NULL,'2012-04-14-1X4-10','2013-04-06 02:06:00','2013-04-06 02:06:00',NULL,NULL),(913,NULL,NULL,'2012-04-14-2X1-10','2013-04-06 02:06:00','2013-04-06 02:06:00',NULL,NULL),(914,NULL,NULL,'2012-04-14-2X9-10','2013-04-06 02:06:00','2013-04-06 02:06:00',NULL,NULL),(915,NULL,NULL,'2012-04-03-2X1-10','2013-04-06 02:06:00','2013-04-06 02:06:00',NULL,NULL),(916,NULL,NULL,'2012-04-03-2X9-10','2013-04-06 02:06:00','2013-04-06 02:06:00',NULL,NULL),(917,NULL,NULL,'2012-04-02-1X4-10','2013-04-06 02:06:00','2013-04-06 02:06:00',NULL,NULL),(918,NULL,NULL,'2012-04-02-2X1-10','2013-04-06 02:06:00','2013-04-06 02:06:00',NULL,NULL),(919,NULL,NULL,'2012-04-02-2X9-10','2013-04-06 02:06:00','2013-04-06 02:06:00',NULL,NULL),(920,NULL,NULL,'2012-04-01-2X1-10','2013-04-06 02:06:00','2013-04-06 02:06:00',NULL,NULL),(921,NULL,NULL,'2012-04-01-2X9-10','2013-04-06 02:06:00','2013-04-06 02:06:00',NULL,NULL),(922,NULL,NULL,'2012-03-31-1X4-10','2013-04-06 02:06:00','2013-04-06 02:06:00',NULL,NULL),(923,NULL,NULL,'2012-03-31-2X1-10','2013-04-06 02:06:00','2013-04-06 02:06:00',NULL,NULL),(924,NULL,NULL,'2012-03-30-1X2-10','2013-04-06 02:06:00','2013-04-06 02:06:00',NULL,NULL),(925,NULL,NULL,'2012-03-30-1X4-10','2013-04-06 02:06:00','2013-04-06 02:06:00',NULL,NULL),(926,NULL,NULL,'2012-03-30-2X1-10','2013-04-06 02:06:00','2013-04-06 02:06:00',NULL,NULL),(927,NULL,NULL,'2012-03-29-1X4-10','2013-04-06 02:06:00','2013-04-06 02:06:00',NULL,NULL),(928,NULL,NULL,'2012-03-29-2X1-10','2013-04-06 02:06:00','2013-04-06 02:06:00',NULL,NULL),(929,NULL,NULL,'2012-03-29-2X9-10','2013-04-06 02:06:00','2013-04-06 02:06:00',NULL,NULL),(930,NULL,NULL,'2012-03-28-1X4-10','2013-04-06 02:06:00','2013-04-06 02:06:00',NULL,NULL),(931,NULL,NULL,'2012-03-27-1X4-10','2013-04-06 02:06:00','2013-04-06 02:06:00',NULL,NULL),(932,NULL,NULL,'2012-03-27-1X7-10','2013-04-06 02:06:00','2013-04-06 02:06:00',NULL,NULL),(933,NULL,NULL,'2012-03-26-1X2-10','2013-04-06 02:06:00','2013-04-06 02:06:00',NULL,NULL),(934,NULL,NULL,'2012-03-26-1X4-10','2013-04-06 02:06:00','2013-04-06 02:06:00',NULL,NULL),(935,NULL,NULL,'2012-03-26-1X6-10','2013-04-06 02:06:00','2013-04-06 02:06:00',NULL,NULL),(936,NULL,NULL,'2012-03-26-2X1-10','2013-04-06 02:06:00','2013-04-06 02:06:00',NULL,NULL),(937,NULL,NULL,'2012-03-25-1X4-10','2013-04-06 02:06:00','2013-04-06 02:06:00',NULL,NULL),(938,NULL,NULL,'2012-03-25-1X6-10','2013-04-06 02:06:00','2013-04-06 02:06:00',NULL,NULL),(939,NULL,NULL,'2012-03-25-1X9-10','2013-04-06 02:06:00','2013-04-06 02:06:00',NULL,NULL),(940,NULL,NULL,'2012-03-25-2X1-10','2013-04-06 02:06:00','2013-04-06 02:06:00',NULL,NULL),(941,NULL,NULL,'2012-03-24-1X4-10','2013-04-06 02:06:00','2013-04-06 02:06:00',NULL,NULL),(942,NULL,NULL,'2012-03-24-1X6-10','2013-04-06 02:06:00','2013-04-06 02:06:00',NULL,NULL),(943,NULL,NULL,'2012-03-22-1X4-10','2013-04-06 02:06:00','2013-04-06 02:06:00',NULL,NULL),(944,NULL,NULL,'2012-03-22-1X9-10','2013-04-06 02:06:00','2013-04-06 02:06:00',NULL,NULL),(945,NULL,NULL,'2012-03-21-1X4-10','2013-04-06 02:06:00','2013-04-06 02:06:00',NULL,NULL),(946,NULL,NULL,'2012-03-21-1X9-10','2013-04-06 02:06:00','2013-04-06 02:06:00',NULL,NULL),(947,NULL,NULL,'2012-03-20-1X4-10','2013-04-06 02:06:00','2013-04-06 02:06:00',NULL,NULL),(948,NULL,NULL,'2012-03-20-2X1-10','2013-04-06 02:06:00','2013-04-06 02:06:00',NULL,NULL),(949,NULL,NULL,'2012-03-19-1X4-10','2013-04-06 02:06:00','2013-04-06 02:06:00',NULL,NULL),(950,NULL,NULL,'2012-03-19-1X7-10','2013-04-06 02:06:00','2013-04-06 02:06:00',NULL,NULL),(951,NULL,NULL,'2012-03-19-1X9-10','2013-04-06 02:06:00','2013-04-06 02:06:00',NULL,NULL),(952,NULL,NULL,'2012-03-17-1X9-10','2013-04-06 02:06:00','2013-04-06 02:06:00',NULL,NULL),(953,NULL,NULL,'2012-03-17-2X1-10','2013-04-06 02:06:00','2013-04-06 02:06:00',NULL,NULL),(954,NULL,NULL,'2012-03-16-1X4-10','2013-04-06 02:06:00','2013-04-06 02:06:00',NULL,NULL),(955,NULL,NULL,'2012-03-16-2X1-10','2013-04-06 02:06:00','2013-04-06 02:06:00',NULL,NULL),(956,NULL,NULL,'2012-03-15-1X4-10','2013-04-06 02:06:00','2013-04-06 02:06:00',NULL,NULL),(957,NULL,NULL,'2012-03-15-1X7-10','2013-04-06 02:06:00','2013-04-06 02:06:00',NULL,NULL),(958,NULL,NULL,'2012-03-15-2X9-10','2013-04-06 02:06:00','2013-04-06 02:06:00',NULL,NULL),(959,NULL,NULL,'2012-03-14-1X4-10','2013-04-06 02:06:00','2013-04-06 02:06:00',NULL,NULL),(960,NULL,NULL,'2012-03-14-2X9-10','2013-04-06 02:06:00','2013-04-06 02:06:00',NULL,NULL),(961,NULL,NULL,'2012-03-13-1X4-10','2013-04-06 02:06:00','2013-04-06 02:06:00',NULL,NULL),(962,NULL,NULL,'2012-03-13-1X9-10','2013-04-06 02:06:00','2013-04-06 02:06:00',NULL,NULL),(963,NULL,NULL,'2012-03-12-1X4-10','2013-04-06 02:06:00','2013-04-06 02:06:00',NULL,NULL),(964,NULL,NULL,'2012-03-12-2X1-10','2013-04-06 02:06:00','2013-04-06 02:06:00',NULL,NULL),(965,NULL,NULL,'2012-03-12-2X9-10','2013-04-06 02:06:00','2013-04-06 02:06:00',NULL,NULL),(966,NULL,NULL,'2012-03-09-2X1-10','2013-04-06 02:06:00','2013-04-06 02:06:00',NULL,NULL),(967,NULL,NULL,'2012-03-09-2X9-10','2013-04-06 02:06:00','2013-04-06 02:06:00',NULL,NULL),(968,NULL,NULL,'2012-03-08-1X4-10','2013-04-06 02:06:00','2013-04-06 02:06:00',NULL,NULL),(969,NULL,NULL,'2012-03-08-2X9-10','2013-04-06 02:06:00','2013-04-06 02:06:00',NULL,NULL),(970,NULL,NULL,'2012-03-07-1X4-10','2013-04-06 02:06:00','2013-04-06 02:06:00',NULL,NULL),(971,NULL,NULL,'2012-03-07-1X9-10','2013-04-06 02:06:00','2013-04-06 02:06:00',NULL,NULL),(972,NULL,NULL,'2012-03-07-2X1-10','2013-04-06 02:06:00','2013-04-06 02:06:00',NULL,NULL),(973,NULL,NULL,'2012-03-06-1X4-10','2013-04-06 02:06:00','2013-04-06 02:06:00',NULL,NULL),(974,NULL,NULL,'2012-03-06-1X9-10','2013-04-06 02:06:00','2013-04-06 02:06:00',NULL,NULL),(975,NULL,NULL,'2012-03-06-2X1-10','2013-04-06 02:06:00','2013-04-06 02:06:00',NULL,NULL),(976,NULL,NULL,'2012-03-06-2X9-10','2013-04-06 02:06:00','2013-04-06 02:06:00',NULL,NULL),(977,NULL,NULL,'2012-03-05-1X4-10','2013-04-06 02:06:00','2013-04-06 02:06:00',NULL,NULL),(978,NULL,NULL,'2012-03-05-1X7-10','2013-04-06 02:06:00','2013-04-06 02:06:00',NULL,NULL),(979,NULL,NULL,'2012-03-03-1X2-10','2013-04-06 02:06:00','2013-04-06 02:06:00',NULL,NULL),(980,NULL,NULL,'2012-03-03-2X1-10','2013-04-06 02:06:00','2013-04-06 02:06:00',NULL,NULL),(981,NULL,NULL,'2012-03-02-2X1-10','2013-04-06 02:06:00','2013-04-06 02:06:00',NULL,NULL),(982,NULL,NULL,'2012-03-01-2X9-10','2013-04-06 02:06:00','2013-04-06 02:06:00',NULL,NULL),(983,NULL,NULL,'2012-02-29-2X9-10','2013-04-06 02:06:00','2013-04-06 02:06:00',NULL,NULL),(984,NULL,NULL,'2012-02-28-2X9-10','2013-04-06 02:06:00','2013-04-06 02:06:00',NULL,NULL),(985,NULL,NULL,'2012-02-28-2X95-10','2013-04-06 02:06:00','2013-04-06 02:06:00',NULL,NULL),(986,NULL,NULL,'2012-02-27-1X4-10','2013-04-06 02:06:00','2013-04-06 02:06:00',NULL,NULL),(987,NULL,NULL,'2012-02-27-2X1-10','2013-04-06 02:06:00','2013-04-06 02:06:00',NULL,NULL),(988,NULL,NULL,'2012-02-25-1X9-10','2013-04-06 02:06:00','2013-04-06 02:06:00',NULL,NULL),(989,NULL,NULL,'2012-02-25-2X1-10','2013-04-06 02:06:00','2013-04-06 02:06:00',NULL,NULL),(990,NULL,NULL,'2012-02-24-1X2-10','2013-04-06 02:06:00','2013-04-06 02:06:00',NULL,NULL),(991,NULL,NULL,'2012-02-24-1X6-10','2013-04-06 02:06:00','2013-04-06 02:06:00',NULL,NULL),(992,NULL,NULL,'2012-02-23-1X4-10','2013-04-06 02:06:00','2013-04-06 02:06:00',NULL,NULL),(993,NULL,NULL,'2012-02-22-1X2-10','2013-04-06 02:06:00','2013-04-06 02:06:00',NULL,NULL),(994,NULL,NULL,'2012-02-22-1X4-10','2013-04-06 02:06:00','2013-04-06 02:06:00',NULL,NULL),(995,NULL,NULL,'2012-02-22-2X1-10','2013-04-06 02:06:00','2013-04-06 02:06:00',NULL,NULL),(996,NULL,NULL,'2012-02-21-1X9-10','2013-04-06 02:06:00','2013-04-06 02:06:00',NULL,NULL),(997,NULL,NULL,'2012-02-21-2X1-10','2013-04-06 02:06:00','2013-04-06 02:06:00',NULL,NULL),(998,NULL,NULL,'2012-02-20-1X4-10','2013-04-06 02:06:00','2013-04-06 02:06:00',NULL,NULL),(999,NULL,NULL,'2012-02-20-1X9-10','2013-04-06 02:06:00','2013-04-06 02:06:00',NULL,NULL),(1000,NULL,NULL,'2012-02-18-1X9-10','2013-04-06 02:06:00','2013-04-06 02:06:00',NULL,NULL),(1001,NULL,NULL,'2012-02-17-1X2-10','2013-04-06 02:06:00','2013-04-06 02:06:00',NULL,NULL),(1002,NULL,NULL,'2012-02-17-1X4-10','2013-04-06 02:06:00','2013-04-06 02:06:00',NULL,NULL),(1003,NULL,NULL,'2012-02-17-1X9-10','2013-04-06 02:06:00','2013-04-06 02:06:00',NULL,NULL),(1004,NULL,NULL,'2012-02-17-2X1-10','2013-04-06 02:06:00','2013-04-06 02:06:00',NULL,NULL),(1005,NULL,NULL,'2012-02-16-1X4-10','2013-04-06 02:06:00','2013-04-06 02:06:00',NULL,NULL),(1006,NULL,NULL,'2012-02-16-2X1-10','2013-04-06 02:06:00','2013-04-06 02:06:00',NULL,NULL),(1007,NULL,NULL,'2012-02-15-1X2-10','2013-04-06 02:06:00','2013-04-06 02:06:00',NULL,NULL),(1008,NULL,NULL,'2012-02-15-1X7-10','2013-04-06 02:06:00','2013-04-06 02:06:00',NULL,NULL),(1009,NULL,NULL,'2012-02-15-2X1-10','2013-04-06 02:06:00','2013-04-06 02:06:00',NULL,NULL),(1010,NULL,NULL,'2012-02-15-2X9-10','2013-04-06 02:06:00','2013-04-06 02:06:00',NULL,NULL),(1011,NULL,NULL,'2012-02-14-1X2-10','2013-04-06 02:06:00','2013-04-06 02:06:00',NULL,NULL),(1012,NULL,NULL,'2012-02-14-1X4-10','2013-04-06 02:06:00','2013-04-06 02:06:00',NULL,NULL),(1013,NULL,NULL,'2012-02-14-2X1-10','2013-04-06 02:06:00','2013-04-06 02:06:00',NULL,NULL),(1014,NULL,NULL,'2012-02-13-1X2-10','2013-04-06 02:06:00','2013-04-06 02:06:00',NULL,NULL),(1015,NULL,NULL,'2012-02-13-2X1-10','2013-04-06 02:06:00','2013-04-06 02:06:00',NULL,NULL),(1016,NULL,NULL,'2012-02-13-2X9-10','2013-04-06 02:06:00','2013-04-06 02:06:00',NULL,NULL),(1017,NULL,NULL,'2012-02-11-1X4-10','2013-04-06 02:06:00','2013-04-06 02:06:00',NULL,NULL),(1018,NULL,NULL,'2012-02-11-1X6-10','2013-04-06 02:06:00','2013-04-06 02:06:00',NULL,NULL),(1019,NULL,NULL,'2012-02-11-2X1-10','2013-04-06 02:06:00','2013-04-06 02:06:00',NULL,NULL),(1020,NULL,NULL,'2012-02-11-2X9-10','2013-04-06 02:06:00','2013-04-06 02:06:00',NULL,NULL),(1021,NULL,NULL,'2012-02-10-1X4-10','2013-04-06 02:06:00','2013-04-06 02:06:00',NULL,NULL),(1022,NULL,NULL,'2012-02-09-1X4-10','2013-04-06 02:06:00','2013-04-06 02:06:00',NULL,NULL),(1023,NULL,NULL,'2012-02-08-1X4-10','2013-04-06 02:06:00','2013-04-06 02:06:00',NULL,NULL),(1024,NULL,NULL,'2012-02-08-1X7-10','2013-04-06 02:06:00','2013-04-06 02:06:00',NULL,NULL),(1025,NULL,NULL,'2012-02-08-1X9-10','2013-04-06 02:06:00','2013-04-06 02:06:00',NULL,NULL),(1026,NULL,NULL,'2012-02-07-1X2-10','2013-04-06 02:06:00','2013-04-06 02:06:00',NULL,NULL),(1027,NULL,NULL,'2012-02-07-1X4-10','2013-04-06 02:06:00','2013-04-06 02:06:00',NULL,NULL),(1028,NULL,NULL,'2012-02-06-1X7-10','2013-04-06 02:06:00','2013-04-06 02:06:00',NULL,NULL),(1029,NULL,NULL,'2012-02-06-2X1-10','2013-04-06 02:06:00','2013-04-06 02:06:00',NULL,NULL),(1030,NULL,NULL,'2012-02-06-2X9-10','2013-04-06 02:06:00','2013-04-06 02:06:00',NULL,NULL),(1031,NULL,NULL,'2012-02-04-2X9-10','2013-04-06 02:06:00','2013-04-06 02:06:00',NULL,NULL),(1032,NULL,NULL,'2012-02-03-1X4-10','2013-04-06 02:06:00','2013-04-06 02:06:00',NULL,NULL),(1033,NULL,NULL,'2012-02-02-1X4-10','2013-04-06 02:06:00','2013-04-06 02:06:00',NULL,NULL),(1034,NULL,NULL,'2012-02-02-2X9-10','2013-04-06 02:06:00','2013-04-06 02:06:00',NULL,NULL),(1035,NULL,NULL,'2012-02-01-2X9-10','2013-04-06 02:06:00','2013-04-06 02:06:00',NULL,NULL),(1036,NULL,NULL,'2012-01-31-1X2-10','2013-04-06 02:06:00','2013-04-06 02:06:00',NULL,NULL),(1037,NULL,NULL,'2012-01-30-1X2-10','2013-04-06 02:06:00','2013-04-06 02:06:00',NULL,NULL),(1038,NULL,NULL,'2012-01-30-2X1-10','2013-04-06 02:06:00','2013-04-06 02:06:00',NULL,NULL),(1039,NULL,NULL,'2012-01-28-1X4-10','2013-04-06 02:06:00','2013-04-06 02:06:00',NULL,NULL),(1040,NULL,NULL,'2012-01-27-1X4-10','2013-04-06 02:06:00','2013-04-06 02:06:00',NULL,NULL),(1041,NULL,NULL,'2012-01-26-1X4-10','2013-04-06 02:06:00','2013-04-06 02:06:00',NULL,NULL),(1042,NULL,NULL,'2012-01-25-1X4-10','2013-04-06 02:06:00','2013-04-06 02:06:00',NULL,NULL),(1043,NULL,NULL,'2012-01-24-1X4-10','2013-04-06 02:06:00','2013-04-06 02:06:00',NULL,NULL),(1044,NULL,NULL,'2012-01-24-2X1-10','2013-04-06 02:06:00','2013-04-06 02:06:00',NULL,NULL),(1045,NULL,NULL,'2012-01-21-1X2-10','2013-04-06 02:06:00','2013-04-06 02:06:00',NULL,NULL),(1046,NULL,NULL,'2012-01-21-1X4-10','2013-04-06 02:06:01','2013-04-06 02:06:01',NULL,NULL),(1047,NULL,NULL,'2012-01-20-1X2-10','2013-04-06 02:06:01','2013-04-06 02:06:01',NULL,NULL),(1048,NULL,NULL,'2012-01-20-1X9-10','2013-04-06 02:06:01','2013-04-06 02:06:01',NULL,NULL),(1049,NULL,NULL,'2012-01-19-1X4-10','2013-04-06 02:06:01','2013-04-06 02:06:01',NULL,NULL),(1050,NULL,NULL,'2012-01-19-1X7-10','2013-04-06 02:06:01','2013-04-06 02:06:01',NULL,NULL),(1051,NULL,NULL,'2012-01-19-1X9-10','2013-04-06 02:06:01','2013-04-06 02:06:01',NULL,NULL),(1052,NULL,NULL,'2012-01-18-1X4-10','2013-04-06 02:06:01','2013-04-06 02:06:01',NULL,NULL),(1053,NULL,NULL,'2012-01-18-1X7-10','2013-04-06 02:06:01','2013-04-06 02:06:01',NULL,NULL),(1054,NULL,NULL,'2012-01-18-1X9-10','2013-04-06 02:06:01','2013-04-06 02:06:01',NULL,NULL),(1055,NULL,NULL,'2012-01-17-1X4-10','2013-04-06 02:06:01','2013-04-06 02:06:01',NULL,NULL),(1056,NULL,NULL,'2012-01-17-1X7-10','2013-04-06 02:06:01','2013-04-06 02:06:01',NULL,NULL),(1057,NULL,NULL,'2012-01-17-2X1-10','2013-04-06 02:06:01','2013-04-06 02:06:01',NULL,NULL),(1058,NULL,NULL,'2012-01-17-2X9-10','2013-04-06 02:06:01','2013-04-06 02:06:01',NULL,NULL),(1059,NULL,NULL,'2012-01-16-1X7-10','2013-04-06 02:06:01','2013-04-06 02:06:01',NULL,NULL),(1060,NULL,NULL,'2012-01-16-2X1-10','2013-04-06 02:06:01','2013-04-06 02:06:01',NULL,NULL),(1061,NULL,NULL,'2012-01-15-1X4-10','2013-04-06 02:06:01','2013-04-06 02:06:01',NULL,NULL),(1062,NULL,NULL,'2012-01-15-1X7-10','2013-04-06 02:06:01','2013-04-06 02:06:01',NULL,NULL),(1063,NULL,NULL,'2012-01-14-1X4-10','2013-04-06 02:06:01','2013-04-06 02:06:01',NULL,NULL),(1064,NULL,NULL,'2012-01-14-1X7-10','2013-04-06 02:06:01','2013-04-06 02:06:01',NULL,NULL),(1065,NULL,NULL,'2012-01-14-1X9-10','2013-04-06 02:06:01','2013-04-06 02:06:01',NULL,NULL),(1066,NULL,NULL,'2012-01-13-1X4-10','2013-04-06 02:06:01','2013-04-06 02:06:01',NULL,NULL),(1067,NULL,NULL,'2012-01-13-2X1-10','2013-04-06 02:06:01','2013-04-06 02:06:01',NULL,NULL),(1068,NULL,NULL,'2012-01-12-1X2-10','2013-04-06 02:06:01','2013-04-06 02:06:01',NULL,NULL),(1069,NULL,NULL,'2012-01-12-2X1-10','2013-04-06 02:06:01','2013-04-06 02:06:01',NULL,NULL),(1070,NULL,NULL,'2012-01-12-2X9-10','2013-04-06 02:06:01','2013-04-06 02:06:01',NULL,NULL),(1071,NULL,NULL,'2012-01-11-1X2-10','2013-04-06 02:06:01','2013-04-06 02:06:01',NULL,NULL),(1072,NULL,NULL,'2012-01-11-1X4-10','2013-04-06 02:06:01','2013-04-06 02:06:01',NULL,NULL),(1073,NULL,NULL,'2012-01-11-1X7-10','2013-04-06 02:06:01','2013-04-06 02:06:01',NULL,NULL),(1074,NULL,NULL,'2012-01-10-1X2-10','2013-04-06 02:06:01','2013-04-06 02:06:01',NULL,NULL),(1075,NULL,NULL,'2012-01-10-1X4-10','2013-04-06 02:06:01','2013-04-06 02:06:01',NULL,NULL),(1076,NULL,NULL,'2012-01-10-1X7-10','2013-04-06 02:06:01','2013-04-06 02:06:01',NULL,NULL),(1077,NULL,NULL,'2012-01-09-1X2-10','2013-04-06 02:06:01','2013-04-06 02:06:01',NULL,NULL),(1078,NULL,NULL,'2012-01-09-1X4-10','2013-04-06 02:06:01','2013-04-06 02:06:01',NULL,NULL),(1079,NULL,NULL,'2012-01-09-1X7-10','2013-04-06 02:06:01','2013-04-06 02:06:01',NULL,NULL),(1080,NULL,NULL,'2012-01-07-1X2-10','2013-04-06 02:06:01','2013-04-06 02:06:01',NULL,NULL),(1081,NULL,NULL,'2012-01-07-1X4-10','2013-04-06 02:06:01','2013-04-06 02:06:01',NULL,NULL),(1082,NULL,NULL,'2012-01-07-2X1-10','2013-04-06 02:06:01','2013-04-06 02:06:01',NULL,NULL),(1083,NULL,NULL,'2012-01-06-1X4-10','2013-04-06 02:06:01','2013-04-06 02:06:01',NULL,NULL),(1084,NULL,NULL,'2012-01-06-1X7-10','2013-04-06 02:06:01','2013-04-06 02:06:01',NULL,NULL),(1085,NULL,NULL,'2012-01-06-1X9-10','2013-04-06 02:06:01','2013-04-06 02:06:01',NULL,NULL),(1086,NULL,NULL,'2012-01-06-2X1-10','2013-04-06 02:06:01','2013-04-06 02:06:01',NULL,NULL),(1087,NULL,NULL,'2012-01-05-1X2-10','2013-04-06 02:06:01','2013-04-06 02:06:01',NULL,NULL),(1088,NULL,NULL,'2012-01-05-1X4-10','2013-04-06 02:06:01','2013-04-06 02:06:01',NULL,NULL),(1089,NULL,NULL,'2012-01-04-1X4-10','2013-04-06 02:06:01','2013-04-06 02:06:01',NULL,NULL),(1090,NULL,NULL,'2012-01-04-1X9-10','2013-04-06 02:06:01','2013-04-06 02:06:01',NULL,NULL),(1091,NULL,NULL,'2012-01-03-1X4-10','2013-04-06 02:06:01','2013-04-06 02:06:01',NULL,NULL),(1092,NULL,NULL,'2011-12-28-1X9-10','2013-04-06 02:06:01','2013-04-06 02:06:01',NULL,NULL),(1093,NULL,NULL,'2011-12-27-1X4-10','2013-04-06 02:06:01','2013-04-06 02:06:01',NULL,NULL),(1094,NULL,NULL,'2011-12-27-1X6-10','2013-04-06 02:06:01','2013-04-06 02:06:01',NULL,NULL),(1095,NULL,NULL,'2011-12-27-1X9-10','2013-04-06 02:06:01','2013-04-06 02:06:01',NULL,NULL),(1096,NULL,NULL,'2011-12-26-1X4-10','2013-04-06 02:06:01','2013-04-06 02:06:01',NULL,NULL),(1097,NULL,NULL,'2011-12-26-2X9-10','2013-04-06 02:06:01','2013-04-06 02:06:01',NULL,NULL),(1098,NULL,NULL,'2011-12-24-1X6-10','2013-04-06 02:06:01','2013-04-06 02:06:01',NULL,NULL),(1099,NULL,NULL,'2011-12-24-2X9-10','2013-04-06 02:06:01','2013-04-06 02:06:01',NULL,NULL),(1100,NULL,NULL,'2011-12-23-1X2-10','2013-04-06 02:06:01','2013-04-06 02:06:01',NULL,NULL),(1101,NULL,NULL,'2011-12-23-1X7-10','2013-04-06 02:06:01','2013-04-06 02:06:01',NULL,NULL),(1102,NULL,NULL,'2011-12-23-1X9-10','2013-04-06 02:06:01','2013-04-06 02:06:01',NULL,NULL),(1103,NULL,NULL,'2011-12-22-1X4-10','2013-04-06 02:06:01','2013-04-06 02:06:01',NULL,NULL),(1104,NULL,NULL,'2011-12-22-1X9-10','2013-04-06 02:06:01','2013-04-06 02:06:01',NULL,NULL),(1105,NULL,NULL,'2011-12-21-1X4-10','2013-04-06 02:06:01','2013-04-06 02:06:01',NULL,NULL),(1106,NULL,NULL,'2011-12-20-1X4-10','2013-04-06 02:06:01','2013-04-06 02:06:01',NULL,NULL),(1107,NULL,NULL,'2011-12-20-1X7-10','2013-04-06 02:06:01','2013-04-06 02:06:01',NULL,NULL),(1108,NULL,NULL,'2011-12-19-1X4-10','2013-04-06 02:06:01','2013-04-06 02:06:01',NULL,NULL),(1109,NULL,NULL,'2011-12-19-1X9-10','2013-04-06 02:06:01','2013-04-06 02:06:01',NULL,NULL),(1110,NULL,NULL,'2011-12-17-2X1-10','2013-04-06 02:06:01','2013-04-06 02:06:01',NULL,NULL),(1111,NULL,NULL,'2011-12-16-1X2-10','2013-04-06 02:06:01','2013-04-06 02:06:01',NULL,NULL),(1112,NULL,NULL,'2011-12-16-1X4-10','2013-04-06 02:06:01','2013-04-06 02:06:01',NULL,NULL),(1113,NULL,NULL,'2011-12-16-1X7-10','2013-04-06 02:06:01','2013-04-06 02:06:01',NULL,NULL),(1114,NULL,NULL,'2011-12-16-1X9-10','2013-04-06 02:06:01','2013-04-06 02:06:01',NULL,NULL),(1115,NULL,NULL,'2011-12-16-2X1-10','2013-04-06 02:06:01','2013-04-06 02:06:01',NULL,NULL),(1116,NULL,NULL,'2011-12-15-1X4-10','2013-04-06 02:06:01','2013-04-06 02:06:01',NULL,NULL),(1117,NULL,NULL,'2011-12-15-2X1-10','2013-04-06 02:06:01','2013-04-06 02:06:01',NULL,NULL),(1118,NULL,NULL,'2011-12-14-1X7-10','2013-04-06 02:06:01','2013-04-06 02:06:01',NULL,NULL),(1119,NULL,NULL,'2011-12-14-1X9-10','2013-04-06 02:06:01','2013-04-06 02:06:01',NULL,NULL),(1120,NULL,NULL,'2011-12-14-2X1-10','2013-04-06 02:06:01','2013-04-06 02:06:01',NULL,NULL),(1121,NULL,NULL,'2011-12-13-1X7-10','2013-04-06 02:06:01','2013-04-06 02:06:01',NULL,NULL),(1122,NULL,NULL,'2011-12-13-1X9-10','2013-04-06 02:06:01','2013-04-06 02:06:01',NULL,NULL),(1123,NULL,NULL,'2011-12-12-1X4-10','2013-04-06 02:06:01','2013-04-06 02:06:01',NULL,NULL),(1124,NULL,NULL,'2011-12-12-1X7-10','2013-04-06 02:06:01','2013-04-06 02:06:01',NULL,NULL),(1125,NULL,NULL,'2011-12-12-1X9-10','2013-04-06 02:06:01','2013-04-06 02:06:01',NULL,NULL),(1126,NULL,NULL,'2011-12-10-1X4-10','2013-04-06 02:06:01','2013-04-06 02:06:01',NULL,NULL),(1127,NULL,NULL,'2011-12-10-1X7-10','2013-04-06 02:06:01','2013-04-06 02:06:01',NULL,NULL),(1128,NULL,NULL,'2011-12-10-1X9-10','2013-04-06 02:06:01','2013-04-06 02:06:01',NULL,NULL),(1129,NULL,NULL,'2011-12-09-1X4-10','2013-04-06 02:06:01','2013-04-06 02:06:01',NULL,NULL),(1130,NULL,NULL,'2011-12-09-1X7-10','2013-04-06 02:06:01','2013-04-06 02:06:01',NULL,NULL),(1131,NULL,NULL,'2011-12-09-2X1-10','2013-04-06 02:06:01','2013-04-06 02:06:01',NULL,NULL),(1132,NULL,NULL,'2011-12-09-2X9-10','2013-04-06 02:06:01','2013-04-06 02:06:01',NULL,NULL),(1133,NULL,NULL,'2011-12-08-1X4-10','2013-04-06 02:06:01','2013-04-06 02:06:01',NULL,NULL),(1134,NULL,NULL,'2011-12-08-1X7-10','2013-04-06 02:06:01','2013-04-06 02:06:01',NULL,NULL),(1135,NULL,NULL,'2011-12-08-1X9-10','2013-04-06 02:06:01','2013-04-06 02:06:01',NULL,NULL),(1136,NULL,NULL,'2011-12-07-1X2-10','2013-04-06 02:06:01','2013-04-06 02:06:01',NULL,NULL),(1137,NULL,NULL,'2011-12-07-1X4-10','2013-04-06 02:06:01','2013-04-06 02:06:01',NULL,NULL),(1138,NULL,NULL,'2011-12-07-1X7-10','2013-04-06 02:06:01','2013-04-06 02:06:01',NULL,NULL),(1139,NULL,NULL,'2011-12-06-1X4-10','2013-04-06 02:06:01','2013-04-06 02:06:01',NULL,NULL),(1140,NULL,NULL,'2011-12-06-1X7-10','2013-04-06 02:06:01','2013-04-06 02:06:01',NULL,NULL),(1141,NULL,NULL,'2011-12-06-2X9-10','2013-04-06 02:06:01','2013-04-06 02:06:01',NULL,NULL),(1142,NULL,NULL,'2011-12-03-1X2-10','2013-04-06 02:06:01','2013-04-06 02:06:01',NULL,NULL),(1143,NULL,NULL,'2011-12-03-1X4-10','2013-04-06 02:06:01','2013-04-06 02:06:01',NULL,NULL),(1144,NULL,NULL,'2011-12-03-1X7-10','2013-04-06 02:06:01','2013-04-06 02:06:01',NULL,NULL),(1145,NULL,NULL,'2011-12-03-1X9-10','2013-04-06 02:06:01','2013-04-06 02:06:01',NULL,NULL),(1146,NULL,NULL,'2011-12-03-2X9-10','2013-04-06 02:06:01','2013-04-06 02:06:01',NULL,NULL),(1147,NULL,NULL,'2011-12-02-1X2-10','2013-04-06 02:06:01','2013-04-06 02:06:01',NULL,NULL),(1148,NULL,NULL,'2011-12-02-1X7-10','2013-04-06 02:06:01','2013-04-06 02:06:01',NULL,NULL),(1149,NULL,NULL,'2011-12-02-2X1-10','2013-04-06 02:06:01','2013-04-06 02:06:01',NULL,NULL),(1150,NULL,NULL,'2011-12-01-1X4-10','2013-04-06 02:06:01','2013-04-06 02:06:01',NULL,NULL),(1151,NULL,NULL,'2011-12-01-1X7-10','2013-04-06 02:06:01','2013-04-06 02:06:01',NULL,NULL),(1152,NULL,NULL,'2011-12-01-2X1-10','2013-04-06 02:06:01','2013-04-06 02:06:01',NULL,NULL),(1153,NULL,NULL,'2011-11-30-1X2-10','2013-04-06 02:06:01','2013-04-06 02:06:01',NULL,NULL),(1154,NULL,NULL,'2011-11-30-1X4-10','2013-04-06 02:06:01','2013-04-06 02:06:01',NULL,NULL),(1155,NULL,NULL,'2011-11-29-1X2-10','2013-04-06 02:06:01','2013-04-06 02:06:01',NULL,NULL),(1156,NULL,NULL,'2011-11-29-1X4-10','2013-04-06 02:06:01','2013-04-06 02:06:01',NULL,NULL),(1157,NULL,NULL,'2011-11-28-1X4-10','2013-04-06 02:06:01','2013-04-06 02:06:01',NULL,NULL),(1158,NULL,NULL,'2011-11-28-1X9-10','2013-04-06 02:06:01','2013-04-06 02:06:01',NULL,NULL),(1159,NULL,NULL,'2011-11-27-1X9-10','2013-04-06 02:06:01','2013-04-06 02:06:01',NULL,NULL),(1160,NULL,NULL,'2011-11-26-1X7-10','2013-04-06 02:06:01','2013-04-06 02:06:01',NULL,NULL),(1161,NULL,NULL,'2011-11-26-1X9-10','2013-04-06 02:06:01','2013-04-06 02:06:01',NULL,NULL),(1162,NULL,NULL,'2011-11-25-1X4-10','2013-04-06 02:06:01','2013-04-06 02:06:01',NULL,NULL),(1163,NULL,NULL,'2011-11-25-1X9-10','2013-04-06 02:06:01','2013-04-06 02:06:01',NULL,NULL),(1164,NULL,NULL,'2011-11-24-1X4-10','2013-04-06 02:06:01','2013-04-06 02:06:01',NULL,NULL),(1165,NULL,NULL,'2011-11-23-1X4-10','2013-04-06 02:06:01','2013-04-06 02:06:01',NULL,NULL),(1166,NULL,NULL,'2011-11-23-1X7-10','2013-04-06 02:06:01','2013-04-06 02:06:01',NULL,NULL),(1167,NULL,NULL,'2011-11-23-1X9-10','2013-04-06 02:06:01','2013-04-06 02:06:01',NULL,NULL),(1168,NULL,NULL,'2011-11-22-1X2-10','2013-04-06 02:06:01','2013-04-06 02:06:01',NULL,NULL),(1169,NULL,NULL,'2011-11-22-1X4-10','2013-04-06 02:06:01','2013-04-06 02:06:01',NULL,NULL),(1170,NULL,NULL,'2011-11-21-1X2-10','2013-04-06 02:06:01','2013-04-06 02:06:01',NULL,NULL),(1171,NULL,NULL,'2011-11-21-1X7-10','2013-04-06 02:06:01','2013-04-06 02:06:01',NULL,NULL),(1172,NULL,NULL,'2011-11-19-1X4-10','2013-04-06 02:06:01','2013-04-06 02:06:01',NULL,NULL),(1173,NULL,NULL,'2011-11-18-1X4-10','2013-04-06 02:06:01','2013-04-06 02:06:01',NULL,NULL),(1174,NULL,NULL,'2011-11-18-2X1-10','2013-04-06 02:06:01','2013-04-06 02:06:01',NULL,NULL),(1175,NULL,NULL,'2011-11-18-2X9-10','2013-04-06 02:06:01','2013-04-06 02:06:01',NULL,NULL),(1176,NULL,NULL,'2011-11-17-1X4-10','2013-04-06 02:06:01','2013-04-06 02:06:01',NULL,NULL),(1177,NULL,NULL,'2011-11-17-2X9-10','2013-04-06 02:06:01','2013-04-06 02:06:01',NULL,NULL),(1178,NULL,NULL,'2011-11-16-1X2-10','2013-04-06 02:06:01','2013-04-06 02:06:01',NULL,NULL),(1179,NULL,NULL,'2011-11-16-1X4-10','2013-04-06 02:06:01','2013-04-06 02:06:01',NULL,NULL),(1180,NULL,NULL,'2011-11-16-1X7-10','2013-04-06 02:06:01','2013-04-06 02:06:01',NULL,NULL),(1181,NULL,NULL,'2011-11-15-2X1-10','2013-04-06 02:06:01','2013-04-06 02:06:01',NULL,NULL),(1182,NULL,NULL,'2011-11-15-2X9-10','2013-04-06 02:06:01','2013-04-06 02:06:01',NULL,NULL),(1183,NULL,NULL,'2011-11-14-1X7-10','2013-04-06 02:06:01','2013-04-06 02:06:01',NULL,NULL),(1184,NULL,NULL,'2011-11-14-2X9-10','2013-04-06 02:06:01','2013-04-06 02:06:01',NULL,NULL),(1185,NULL,NULL,'2011-11-12-1X2-10','2013-04-06 02:06:01','2013-04-06 02:06:01',NULL,NULL),(1186,NULL,NULL,'2011-11-12-1X7-10','2013-04-06 02:06:01','2013-04-06 02:06:01',NULL,NULL),(1187,NULL,NULL,'2011-11-12-1X9-10','2013-04-06 02:06:01','2013-04-06 02:06:01',NULL,NULL),(1188,NULL,NULL,'2011-11-11-1X2-10','2013-04-06 02:06:01','2013-04-06 02:06:01',NULL,NULL),(1189,NULL,NULL,'2011-11-11-1X4-10','2013-04-06 02:06:01','2013-04-06 02:06:01',NULL,NULL),(1190,NULL,NULL,'2011-11-10-1X4-10','2013-04-06 02:06:01','2013-04-06 02:06:01',NULL,NULL),(1191,NULL,NULL,'2011-11-10-2X9-10','2013-04-06 02:06:01','2013-04-06 02:06:01',NULL,NULL),(1192,NULL,NULL,'2011-11-09-2X9-10','2013-04-06 02:06:01','2013-04-06 02:06:01',NULL,NULL),(1193,NULL,NULL,'2011-11-08-1X4-10','2013-04-06 02:06:01','2013-04-06 02:06:01',NULL,NULL),(1194,NULL,NULL,'2011-11-08-1X7-10','2013-04-06 02:06:01','2013-04-06 02:06:01',NULL,NULL),(1195,NULL,NULL,'2011-11-07-1X2-10','2013-04-06 02:06:01','2013-04-06 02:06:01',NULL,NULL),(1196,NULL,NULL,'2011-11-07-1X4-10','2013-04-06 02:06:01','2013-04-06 02:06:01',NULL,NULL),(1197,NULL,NULL,'2011-11-07-1X7-10','2013-04-06 02:06:01','2013-04-06 02:06:01',NULL,NULL),(1198,NULL,NULL,'2011-11-05-1X4-10','2013-04-06 02:06:01','2013-04-06 02:06:01',NULL,NULL),(1199,NULL,NULL,'2011-11-05-1X7-10','2013-04-06 02:06:01','2013-04-06 02:06:01',NULL,NULL),(1200,NULL,NULL,'2011-11-05-2X1-10','2013-04-06 02:06:01','2013-04-06 02:06:01',NULL,NULL),(1201,NULL,NULL,'2011-11-04-1X4-10','2013-04-06 02:06:01','2013-04-06 02:06:01',NULL,NULL),(1202,NULL,NULL,'2011-11-04-1X7-10','2013-04-06 02:06:01','2013-04-06 02:06:01',NULL,NULL),(1203,NULL,NULL,'2011-11-04-1X9-10','2013-04-06 02:06:01','2013-04-06 02:06:01',NULL,NULL),(1204,NULL,NULL,'2011-11-03-1X7-10','2013-04-06 02:06:01','2013-04-06 02:06:01',NULL,NULL),(1205,NULL,NULL,'2011-11-03-1X9-10','2013-04-06 02:06:01','2013-04-06 02:06:01',NULL,NULL),(1206,NULL,NULL,'2011-11-02-1X4-10','2013-04-06 02:06:01','2013-04-06 02:06:01',NULL,NULL),(1207,NULL,NULL,'2011-11-02-1X7-10','2013-04-06 02:06:01','2013-04-06 02:06:01',NULL,NULL),(1208,NULL,NULL,'2011-11-01-1X2-10','2013-04-06 02:06:01','2013-04-06 02:06:01',NULL,NULL),(1209,NULL,NULL,'2011-11-01-1X4-10','2013-04-06 02:06:01','2013-04-06 02:06:01',NULL,NULL),(1210,NULL,NULL,'2011-11-01-1X7-10','2013-04-06 02:06:01','2013-04-06 02:06:01',NULL,NULL),(1211,NULL,NULL,'2011-10-31-1X2-10','2013-04-06 02:06:01','2013-04-06 02:06:01',NULL,NULL),(1212,NULL,NULL,'2011-10-31-1X4-10','2013-04-06 02:06:01','2013-04-06 02:06:01',NULL,NULL),(1213,NULL,NULL,'2011-10-31-1X7-10','2013-04-06 02:06:01','2013-04-06 02:06:01',NULL,NULL),(1214,NULL,NULL,'2011-10-29-1X4-10','2013-04-06 02:06:01','2013-04-06 02:06:01',NULL,NULL),(1215,NULL,NULL,'2011-10-29-1X6-10','2013-04-06 02:06:01','2013-04-06 02:06:01',NULL,NULL),(1216,NULL,NULL,'2011-10-29-1X7-10','2013-04-06 02:06:01','2013-04-06 02:06:01',NULL,NULL),(1217,NULL,NULL,'2011-10-28-1X4-10','2013-04-06 02:06:01','2013-04-06 02:06:01',NULL,NULL),(1218,NULL,NULL,'2011-10-28-1X7-10','2013-04-06 02:06:01','2013-04-06 02:06:01',NULL,NULL),(1219,NULL,NULL,'2011-10-28-1X9-10','2013-04-06 02:06:01','2013-04-06 02:06:01',NULL,NULL),(1220,NULL,NULL,'2011-10-27-1X2-10','2013-04-06 02:06:01','2013-04-06 02:06:01',NULL,NULL),(1221,NULL,NULL,'2011-10-27-1X4-10','2013-04-06 02:06:01','2013-04-06 02:06:01',NULL,NULL),(1222,NULL,NULL,'2011-10-26-1X4-10','2013-04-06 02:06:01','2013-04-06 02:06:01',NULL,NULL),(1223,NULL,NULL,'2011-10-25-1X2-10','2013-04-06 02:06:01','2013-04-06 02:06:01',NULL,NULL),(1224,NULL,NULL,'2011-10-25-1X4-10','2013-04-06 02:06:01','2013-04-06 02:06:01',NULL,NULL),(1225,NULL,NULL,'2011-10-24-1X2-10','2013-04-06 02:06:01','2013-04-06 02:06:01',NULL,NULL),(1226,NULL,NULL,'2011-10-24-1X7-10','2013-04-06 02:06:01','2013-04-06 02:06:01',NULL,NULL),(1227,NULL,NULL,'2011-10-24-1X9-10','2013-04-06 02:06:01','2013-04-06 02:06:01',NULL,NULL),(1228,NULL,NULL,'2011-10-22-1X4-10','2013-04-06 02:06:01','2013-04-06 02:06:01',NULL,NULL),(1229,NULL,NULL,'2011-10-21-1X2-10','2013-04-06 02:06:01','2013-04-06 02:06:01',NULL,NULL),(1230,NULL,NULL,'2011-10-21-1X4-10','2013-04-06 02:06:01','2013-04-06 02:06:01',NULL,NULL),(1231,NULL,NULL,'2011-10-21-2X1-10','2013-04-06 02:06:01','2013-04-06 02:06:01',NULL,NULL),(1232,NULL,NULL,'2011-10-20-2X1-10','2013-04-06 02:06:01','2013-04-06 02:06:01',NULL,NULL),(1233,NULL,NULL,'2011-10-19-2X1-10','2013-04-06 02:06:01','2013-04-06 02:06:01',NULL,NULL),(1234,NULL,NULL,'2011-10-18-1X4-10','2013-04-06 02:06:01','2013-04-06 02:06:01',NULL,NULL),(1235,NULL,NULL,'2011-10-18-1X9-10','2013-04-06 02:06:01','2013-04-06 02:06:01',NULL,NULL),(1236,NULL,NULL,'2011-10-17-1X4-10','2013-04-06 02:06:01','2013-04-06 02:06:01',NULL,NULL),(1237,NULL,NULL,'2011-10-17-1X9-10','2013-04-06 02:06:01','2013-04-06 02:06:01',NULL,NULL),(1238,NULL,NULL,'2011-10-15-1X4-10','2013-04-06 02:06:01','2013-04-06 02:06:01',NULL,NULL),(1239,NULL,NULL,'2011-10-15-1X9-10','2013-04-06 02:06:01','2013-04-06 02:06:01',NULL,NULL),(1240,NULL,NULL,'2011-10-14-1X2-10','2013-04-06 02:06:01','2013-04-06 02:06:01',NULL,NULL),(1241,NULL,NULL,'2011-10-14-1X4-10','2013-04-06 02:06:01','2013-04-06 02:06:01',NULL,NULL),(1242,NULL,NULL,'2011-10-14-2X9-10','2013-04-06 02:06:01','2013-04-06 02:06:01',NULL,NULL),(1243,NULL,NULL,'2011-10-13-2X9-10','2013-04-06 02:06:01','2013-04-06 02:06:01',NULL,NULL),(1244,NULL,NULL,'2011-10-12-2X1-10','2013-04-06 02:06:01','2013-04-06 02:06:01',NULL,NULL),(1245,NULL,NULL,'2011-10-11-1X4-10','2013-04-06 02:06:01','2013-04-06 02:06:01',NULL,NULL),(1246,NULL,NULL,'2011-10-11-2X1-10','2013-04-06 02:06:01','2013-04-06 02:06:01',NULL,NULL),(1247,NULL,NULL,'2011-10-10-1X2-10','2013-04-06 02:06:01','2013-04-06 02:06:01',NULL,NULL),(1248,NULL,NULL,'2011-10-10-1X4-10','2013-04-06 02:06:01','2013-04-06 02:06:01',NULL,NULL),(1249,NULL,NULL,'2011-10-10-1X7-10','2013-04-06 02:06:01','2013-04-06 02:06:01',NULL,NULL),(1250,NULL,NULL,'2011-10-08-1X2-10','2013-04-06 02:06:01','2013-04-06 02:06:01',NULL,NULL),(1251,NULL,NULL,'2011-10-08-1X4-10','2013-04-06 02:06:01','2013-04-06 02:06:01',NULL,NULL),(1252,NULL,NULL,'2011-10-07-1X4-10','2013-04-06 02:06:01','2013-04-06 02:06:01',NULL,NULL),(1253,NULL,NULL,'2011-10-07-1X9-10','2013-04-06 02:06:01','2013-04-06 02:06:01',NULL,NULL),(1254,NULL,NULL,'2011-10-06-1X6-10','2013-04-06 02:06:01','2013-04-06 02:06:01',NULL,NULL),(1255,NULL,NULL,'2011-10-06-1X7-10','2013-04-06 02:06:01','2013-04-06 02:06:01',NULL,NULL),(1256,NULL,NULL,'2011-10-06-1X9-10','2013-04-06 02:06:01','2013-04-06 02:06:01',NULL,NULL),(1257,NULL,NULL,'2011-10-05-1X7-10','2013-04-06 02:06:01','2013-04-06 02:06:01',NULL,NULL),(1258,NULL,NULL,'2011-10-05-1X9-10','2013-04-06 02:06:01','2013-04-06 02:06:01',NULL,NULL),(1259,NULL,NULL,'2011-10-04-1X7-10','2013-04-06 02:06:01','2013-04-06 02:06:01',NULL,NULL),(1260,NULL,NULL,'2011-10-04-1X9-10','2013-04-06 02:06:01','2013-04-06 02:06:01',NULL,NULL),(1261,NULL,NULL,'2011-10-03-1X2-10','2013-04-06 02:06:01','2013-04-06 02:06:01',NULL,NULL),(1262,NULL,NULL,'2011-10-03-1X4-10','2013-04-06 02:06:01','2013-04-06 02:06:01',NULL,NULL),(1263,NULL,NULL,'2011-10-03-1X7-10','2013-04-06 02:06:01','2013-04-06 02:06:01',NULL,NULL),(1264,NULL,NULL,'2011-10-03-1X9-10','2013-04-06 02:06:01','2013-04-06 02:06:01',NULL,NULL),(1265,NULL,NULL,'2011-10-01-1X4-10','2013-04-06 02:06:01','2013-04-06 02:06:01',NULL,NULL),(1266,NULL,NULL,'2011-10-01-1X7-10','2013-04-06 02:06:01','2013-04-06 02:06:01',NULL,NULL),(1267,NULL,NULL,'2011-10-01-1X9-10','2013-04-06 02:06:01','2013-04-06 02:06:01',NULL,NULL),(1268,NULL,NULL,'2011-09-30-1X2-10','2013-04-06 02:06:01','2013-04-06 02:06:01',NULL,NULL),(1269,NULL,NULL,'2011-09-30-1X4-10','2013-04-06 02:06:01','2013-04-06 02:06:01',NULL,NULL),(1270,NULL,NULL,'2011-09-30-1X7-10','2013-04-06 02:06:01','2013-04-06 02:06:01',NULL,NULL),(1271,NULL,NULL,'2011-09-30-2X1-10','2013-04-06 02:06:01','2013-04-06 02:06:01',NULL,NULL),(1272,NULL,NULL,'2011-09-29-1X2-10','2013-04-06 02:06:01','2013-04-06 02:06:01',NULL,NULL),(1273,NULL,NULL,'2011-09-29-1X7-10','2013-04-06 02:06:01','2013-04-06 02:06:01',NULL,NULL),(1274,NULL,NULL,'2011-09-29-1X9-10','2013-04-06 02:06:01','2013-04-06 02:06:01',NULL,NULL),(1275,NULL,NULL,'2011-09-28-1X4-10','2013-04-06 02:06:01','2013-04-06 02:06:01',NULL,NULL),(1276,NULL,NULL,'2011-09-28-1X9-10','2013-04-06 02:06:01','2013-04-06 02:06:01',NULL,NULL),(1277,NULL,NULL,'2011-09-28-2X9-10','2013-04-06 02:06:01','2013-04-06 02:06:01',NULL,NULL),(1278,NULL,NULL,'2011-09-27-1X4-10','2013-04-06 02:06:01','2013-04-06 02:06:01',NULL,NULL),(1279,NULL,NULL,'2011-09-27-1X9-10','2013-04-06 02:06:01','2013-04-06 02:06:01',NULL,NULL),(1280,NULL,NULL,'2011-09-26-1X2-10','2013-04-06 02:06:01','2013-04-06 02:06:01',NULL,NULL),(1281,NULL,NULL,'2011-09-26-1X4-10','2013-04-06 02:06:01','2013-04-06 02:06:01',NULL,NULL),(1282,NULL,NULL,'2011-09-26-2X9-10','2013-04-06 02:06:01','2013-04-06 02:06:01',NULL,NULL),(1283,NULL,NULL,'2011-09-24-1X4-10','2013-04-06 02:06:01','2013-04-06 02:06:01',NULL,NULL),(1284,NULL,NULL,'2011-09-24-2X9-10','2013-04-06 02:06:01','2013-04-06 02:06:01',NULL,NULL),(1285,NULL,NULL,'2011-09-23-1X4-10','2013-04-06 02:06:01','2013-04-06 02:06:01',NULL,NULL),(1286,NULL,NULL,'2011-09-23-1X7-10','2013-04-06 02:06:01','2013-04-06 02:06:01',NULL,NULL),(1287,NULL,NULL,'2011-09-23-1X9-10','2013-04-06 02:06:01','2013-04-06 02:06:01',NULL,NULL),(1288,NULL,NULL,'2011-09-22-1X7-10','2013-04-06 02:06:01','2013-04-06 02:06:01',NULL,NULL),(1289,NULL,NULL,'2011-09-22-2X1-10','2013-04-06 02:06:01','2013-04-06 02:06:01',NULL,NULL),(1290,NULL,NULL,'2011-09-22-2X9-10','2013-04-06 02:06:01','2013-04-06 02:06:01',NULL,NULL),(1291,NULL,NULL,'2011-09-21-1X4-10','2013-04-06 02:06:01','2013-04-06 02:06:01',NULL,NULL),(1292,NULL,NULL,'2011-09-21-1X9-10','2013-04-06 02:06:01','2013-04-06 02:06:01',NULL,NULL),(1293,NULL,NULL,'2011-09-21-2X1-10','2013-04-06 02:06:01','2013-04-06 02:06:01',NULL,NULL),(1294,NULL,NULL,'2011-09-20-1X7-10','2013-04-06 02:06:01','2013-04-06 02:06:01',NULL,NULL),(1295,NULL,NULL,'2011-09-20-1X9-10','2013-04-06 02:06:01','2013-04-06 02:06:01',NULL,NULL),(1296,NULL,NULL,'2011-09-20-2X1-10','2013-04-06 02:06:01','2013-04-06 02:06:01',NULL,NULL),(1297,NULL,NULL,'2011-09-20-2X9-10','2013-04-06 02:06:01','2013-04-06 02:06:01',NULL,NULL),(1298,NULL,NULL,'2011-09-19-1X2-10','2013-04-06 02:06:01','2013-04-06 02:06:01',NULL,NULL),(1299,NULL,NULL,'2011-09-19-1X4-10','2013-04-06 02:06:01','2013-04-06 02:06:01',NULL,NULL),(1300,NULL,NULL,'2011-09-19-1X7-10','2013-04-06 02:06:01','2013-04-06 02:06:01',NULL,NULL),(1301,NULL,NULL,'2011-09-17-1X7-10','2013-04-06 02:06:01','2013-04-06 02:06:01',NULL,NULL),(1302,NULL,NULL,'2011-09-17-1X9-10','2013-04-06 02:06:01','2013-04-06 02:06:01',NULL,NULL),(1303,NULL,NULL,'2011-09-17-2X1-10','2013-04-06 02:06:01','2013-04-06 02:06:01',NULL,NULL),(1304,NULL,NULL,'2011-09-16-1X4-10','2013-04-06 02:06:01','2013-04-06 02:06:01',NULL,NULL),(1305,NULL,NULL,'2011-09-16-1X7-10','2013-04-06 02:06:01','2013-04-06 02:06:01',NULL,NULL),(1306,NULL,NULL,'2011-09-16-1X9-10','2013-04-06 02:06:01','2013-04-06 02:06:01',NULL,NULL),(1307,NULL,NULL,'2011-09-15-1X4-10','2013-04-06 02:06:01','2013-04-06 02:06:01',NULL,NULL),(1308,NULL,NULL,'2011-09-15-1X6-10','2013-04-06 02:06:01','2013-04-06 02:06:01',NULL,NULL),(1309,NULL,NULL,'2011-09-15-1X7-10','2013-04-06 02:06:01','2013-04-06 02:06:01',NULL,NULL),(1310,NULL,NULL,'2011-09-15-1X9-10','2013-04-06 02:06:01','2013-04-06 02:06:01',NULL,NULL),(1311,NULL,NULL,'2011-09-14-1X2-10','2013-04-06 02:06:01','2013-04-06 02:06:01',NULL,NULL),(1312,NULL,NULL,'2011-09-14-1X4-10','2013-04-06 02:06:01','2013-04-06 02:06:01',NULL,NULL),(1313,NULL,NULL,'2011-09-14-1X7-10','2013-04-06 02:06:01','2013-04-06 02:06:01',NULL,NULL),(1314,NULL,NULL,'2011-09-14-1X9-10','2013-04-06 02:06:01','2013-04-06 02:06:01',NULL,NULL),(1315,NULL,NULL,'2011-09-13-1X2-10','2013-04-06 02:06:01','2013-04-06 02:06:01',NULL,NULL),(1316,NULL,NULL,'2011-09-13-1X4-10','2013-04-06 02:06:01','2013-04-06 02:06:01',NULL,NULL),(1317,NULL,NULL,'2011-09-13-1X7-10','2013-04-06 02:06:01','2013-04-06 02:06:01',NULL,NULL),(1318,NULL,NULL,'2011-09-13-1X9-10','2013-04-06 02:06:01','2013-04-06 02:06:01',NULL,NULL),(1319,NULL,NULL,'2011-09-13-2X1-10','2013-04-06 02:06:01','2013-04-06 02:06:01',NULL,NULL),(1320,NULL,NULL,'2011-09-12-1X9-10','2013-04-06 02:06:01','2013-04-06 02:06:01',NULL,NULL),(1321,NULL,NULL,'2011-09-12-2X1-10','2013-04-06 02:06:01','2013-04-06 02:06:01',NULL,NULL),(1322,NULL,NULL,'2011-09-10-1X2-10','2013-04-06 02:06:01','2013-04-06 02:06:01',NULL,NULL),(1323,NULL,NULL,'2011-09-10-1X7-10','2013-04-06 02:06:01','2013-04-06 02:06:01',NULL,NULL),(1324,NULL,NULL,'2011-09-10-1X9-10','2013-04-06 02:06:01','2013-04-06 02:06:01',NULL,NULL),(1325,NULL,NULL,'2011-09-09-1X4-10','2013-04-06 02:06:01','2013-04-06 02:06:01',NULL,NULL),(1326,NULL,NULL,'2011-09-09-1X7-10','2013-04-06 02:06:01','2013-04-06 02:06:01',NULL,NULL),(1327,NULL,NULL,'2011-09-08-1X4-10','2013-04-06 02:06:01','2013-04-06 02:06:01',NULL,NULL),(1328,NULL,NULL,'2011-09-08-1X7-10','2013-04-06 02:06:01','2013-04-06 02:06:01',NULL,NULL),(1329,NULL,NULL,'2011-09-08-1X9-10','2013-04-06 02:06:01','2013-04-06 02:06:01',NULL,NULL),(1330,NULL,NULL,'2011-09-07-1X4-10','2013-04-06 02:06:01','2013-04-06 02:06:01',NULL,NULL),(1331,NULL,NULL,'2011-09-07-1X7-10','2013-04-06 02:06:01','2013-04-06 02:06:01',NULL,NULL),(1332,NULL,NULL,'2011-09-07-1X9-10','2013-04-06 02:06:02','2013-04-06 02:06:02',NULL,NULL),(1333,NULL,NULL,'2011-09-07-2X1-10','2013-04-06 02:06:02','2013-04-06 02:06:02',NULL,NULL),(1334,NULL,NULL,'2011-09-06-1X2-10','2013-04-06 02:06:02','2013-04-06 02:06:02',NULL,NULL),(1335,NULL,NULL,'2011-09-06-1X4-10','2013-04-06 02:06:02','2013-04-06 02:06:02',NULL,NULL),(1336,NULL,NULL,'2011-08-30-1X2-10','2013-04-06 02:06:02','2013-04-06 02:06:02',NULL,NULL),(1337,NULL,NULL,'2011-08-30-1X4-10','2013-04-06 02:06:02','2013-04-06 02:06:02',NULL,NULL),(1338,NULL,NULL,'2011-08-30-1X7-10','2013-04-06 02:06:02','2013-04-06 02:06:02',NULL,NULL),(1339,NULL,NULL,'2011-08-30-1X9-10','2013-04-06 02:06:02','2013-04-06 02:06:02',NULL,NULL),(1340,NULL,NULL,'2011-08-30-2X95-10','2013-04-06 02:06:02','2013-04-06 02:06:02',NULL,NULL),(1341,NULL,NULL,'2011-08-29-1X2-10','2013-04-06 02:06:02','2013-04-06 02:06:02',NULL,NULL),(1342,NULL,NULL,'2011-08-29-1X4-10','2013-04-06 02:06:02','2013-04-06 02:06:02',NULL,NULL),(1343,NULL,NULL,'2011-08-29-1X7-10','2013-04-06 02:06:02','2013-04-06 02:06:02',NULL,NULL),(1344,NULL,NULL,'2011-08-29-1X9-10','2013-04-06 02:06:02','2013-04-06 02:06:02',NULL,NULL),(1345,NULL,NULL,'2011-08-29-2X95-10','2013-04-06 02:06:02','2013-04-06 02:06:02',NULL,NULL),(1346,NULL,NULL,'2011-08-27-1X2-10','2013-04-06 02:06:02','2013-04-06 02:06:02',NULL,NULL),(1347,NULL,NULL,'2011-08-26-1X2-10','2013-04-06 02:06:02','2013-04-06 02:06:02',NULL,NULL),(1348,NULL,NULL,'2011-08-26-1X7-10','2013-04-06 02:06:02','2013-04-06 02:06:02',NULL,NULL),(1349,NULL,NULL,'2011-08-25-1X2-10','2013-04-06 02:06:02','2013-04-06 02:06:02',NULL,NULL),(1350,NULL,NULL,'2011-08-25-1X4-10','2013-04-06 02:06:02','2013-04-06 02:06:02',NULL,NULL),(1351,NULL,NULL,'2011-08-25-1X7-10','2013-04-06 02:06:02','2013-04-06 02:06:02',NULL,NULL),(1352,NULL,NULL,'2011-08-25-1X9-10','2013-04-06 02:06:02','2013-04-06 02:06:02',NULL,NULL),(1353,NULL,NULL,'2011-08-24-1X4-10','2013-04-06 02:06:02','2013-04-06 02:06:02',NULL,NULL),(1354,NULL,NULL,'2011-08-24-1X7-10','2013-04-06 02:06:02','2013-04-06 02:06:02',NULL,NULL),(1355,NULL,NULL,'2011-08-24-1X9-10','2013-04-06 02:06:02','2013-04-06 02:06:02',NULL,NULL),(1356,NULL,NULL,'2011-08-23-1X2-10','2013-04-06 02:06:02','2013-04-06 02:06:02',NULL,NULL),(1357,NULL,NULL,'2011-08-23-1X4-10','2013-04-06 02:06:02','2013-04-06 02:06:02',NULL,NULL),(1358,NULL,NULL,'2011-08-23-1X7-10','2013-04-06 02:06:02','2013-04-06 02:06:02',NULL,NULL),(1359,NULL,NULL,'2011-08-23-1X9-10','2013-04-06 02:06:02','2013-04-06 02:06:02',NULL,NULL),(1360,NULL,NULL,'2011-08-22-1X2-10','2013-04-06 02:06:02','2013-04-06 02:06:02',NULL,NULL),(1361,NULL,NULL,'2011-08-22-1X4-10','2013-04-06 02:06:02','2013-04-06 02:06:02',NULL,NULL),(1362,NULL,NULL,'2011-08-22-1X7-10','2013-04-06 02:06:02','2013-04-06 02:06:02',NULL,NULL),(1363,NULL,NULL,'2011-08-22-1X9-10','2013-04-06 02:06:02','2013-04-06 02:06:02',NULL,NULL),(1364,NULL,NULL,'2011-08-20-1X4-10','2013-04-06 02:06:02','2013-04-06 02:06:02',NULL,NULL),(1365,NULL,NULL,'2011-08-20-1X9-10','2013-04-06 02:06:02','2013-04-06 02:06:02',NULL,NULL),(1366,NULL,NULL,'2011-08-19-1X4-10','2013-04-06 02:06:02','2013-04-06 02:06:02',NULL,NULL),(1367,NULL,NULL,'2011-08-19-1X7-10','2013-04-06 02:06:02','2013-04-06 02:06:02',NULL,NULL),(1368,NULL,NULL,'2011-08-19-1X9-10','2013-04-06 02:06:02','2013-04-06 02:06:02',NULL,NULL),(1369,NULL,NULL,'2011-08-18-1X2-10','2013-04-06 02:06:02','2013-04-06 02:06:02',NULL,NULL),(1370,NULL,NULL,'2011-08-18-1X4-10','2013-04-06 02:06:02','2013-04-06 02:06:02',NULL,NULL),(1371,NULL,NULL,'2011-08-18-1X7-10','2013-04-06 02:06:02','2013-04-06 02:06:02',NULL,NULL),(1372,NULL,NULL,'2011-08-17-1X4-10','2013-04-06 02:06:02','2013-04-06 02:06:02',NULL,NULL),(1373,NULL,NULL,'2011-08-17-1X7-10','2013-04-06 02:06:02','2013-04-06 02:06:02',NULL,NULL),(1374,NULL,NULL,'2011-08-17-1X9-10','2013-04-06 02:06:02','2013-04-06 02:06:02',NULL,NULL),(1375,NULL,NULL,'2011-08-16-1X4-10','2013-04-06 02:06:02','2013-04-06 02:06:02',NULL,NULL),(1376,NULL,NULL,'2011-08-16-1X6-10','2013-04-06 02:06:02','2013-04-06 02:06:02',NULL,NULL),(1377,NULL,NULL,'2011-08-15-1X2-10','2013-04-06 02:06:02','2013-04-06 02:06:02',NULL,NULL),(1378,NULL,NULL,'2011-08-15-1X4-10','2013-04-06 02:06:02','2013-04-06 02:06:02',NULL,NULL),(1379,NULL,NULL,'2011-08-15-1X7-10','2013-04-06 02:06:02','2013-04-06 02:06:02',NULL,NULL),(1380,NULL,NULL,'2011-08-13-1X4-10','2013-04-06 02:06:02','2013-04-06 02:06:02',NULL,NULL),(1381,NULL,NULL,'2011-08-13-1X7-10','2013-04-06 02:06:02','2013-04-06 02:06:02',NULL,NULL),(1382,NULL,NULL,'2011-08-13-2X1-10','2013-04-06 02:06:02','2013-04-06 02:06:02',NULL,NULL),(1383,NULL,NULL,'2011-08-13-2X95-10','2013-04-06 02:06:02','2013-04-06 02:06:02',NULL,NULL),(1384,NULL,NULL,'2011-08-11-1X2-10','2013-04-06 02:06:02','2013-04-06 02:06:02',NULL,NULL),(1385,NULL,NULL,'2011-08-11-1X7-10','2013-04-06 02:06:02','2013-04-06 02:06:02',NULL,NULL),(1386,NULL,NULL,'2011-08-11-1X9-10','2013-04-06 02:06:02','2013-04-06 02:06:02',NULL,NULL),(1387,NULL,NULL,'2011-08-10-1X4-10','2013-04-06 02:06:02','2013-04-06 02:06:02',NULL,NULL),(1388,NULL,NULL,'2011-08-10-1X7-10','2013-04-06 02:06:02','2013-04-06 02:06:02',NULL,NULL),(1389,NULL,NULL,'2011-08-10-1X9-10','2013-04-06 02:06:02','2013-04-06 02:06:02',NULL,NULL),(1390,NULL,NULL,'2011-08-09-1X7-10','2013-04-06 02:06:02','2013-04-06 02:06:02',NULL,NULL),(1391,NULL,NULL,'2011-08-09-2X1-10','2013-04-06 02:06:02','2013-04-06 02:06:02',NULL,NULL),(1392,NULL,NULL,'2011-08-09-2X95-10','2013-04-06 02:06:02','2013-04-06 02:06:02',NULL,NULL),(1393,NULL,NULL,'2011-08-08-1X2-10','2013-04-06 02:06:02','2013-04-06 02:06:02',NULL,NULL),(1394,NULL,NULL,'2011-08-06-1X2-10','2013-04-06 02:06:02','2013-04-06 02:06:02',NULL,NULL),(1395,NULL,NULL,'2011-08-06-1X9-10','2013-04-06 02:06:02','2013-04-06 02:06:02',NULL,NULL),(1396,NULL,NULL,'2011-08-06-2X1-10','2013-04-06 02:06:02','2013-04-06 02:06:02',NULL,NULL),(1397,NULL,NULL,'2011-08-05-1X4-10','2013-04-06 02:06:02','2013-04-06 02:06:02',NULL,NULL),(1398,NULL,NULL,'2011-08-05-1X9-10','2013-04-06 02:06:02','2013-04-06 02:06:02',NULL,NULL),(1399,NULL,NULL,'2011-08-04-1X4-10','2013-04-06 02:06:02','2013-04-06 02:06:02',NULL,NULL),(1400,NULL,NULL,'2011-08-04-1X7-10','2013-04-06 02:06:02','2013-04-06 02:06:02',NULL,NULL),(1401,NULL,NULL,'2011-08-04-1X9-10','2013-04-06 02:06:02','2013-04-06 02:06:02',NULL,NULL),(1402,NULL,NULL,'2011-08-03-1X2-10','2013-04-06 02:06:02','2013-04-06 02:06:02',NULL,NULL),(1403,NULL,NULL,'2011-08-03-1X4-10','2013-04-06 02:06:02','2013-04-06 02:06:02',NULL,NULL),(1404,NULL,NULL,'2011-08-03-1X9-10','2013-04-06 02:06:02','2013-04-06 02:06:02',NULL,NULL),(1405,NULL,NULL,'2011-08-02-1X2-10','2013-04-06 02:06:02','2013-04-06 02:06:02',NULL,NULL),(1406,NULL,NULL,'2011-08-02-1X4-10','2013-04-06 02:06:02','2013-04-06 02:06:02',NULL,NULL),(1407,NULL,NULL,'2011-08-02-1X7-10','2013-04-06 02:06:02','2013-04-06 02:06:02',NULL,NULL),(1408,NULL,NULL,'2011-08-01-1X4-10','2013-04-06 02:06:02','2013-04-06 02:06:02',NULL,NULL),(1409,NULL,NULL,'2011-08-01-1X9-10','2013-04-06 02:06:02','2013-04-06 02:06:02',NULL,NULL),(1410,NULL,NULL,'2011-07-30-1X2-10','2013-04-06 02:06:02','2013-04-06 02:06:02',NULL,NULL),(1411,NULL,NULL,'2011-07-30-1X6-10','2013-04-06 02:06:02','2013-04-06 02:06:02',NULL,NULL),(1412,NULL,NULL,'2011-07-29-1X4-10','2013-04-06 02:06:02','2013-04-06 02:06:02',NULL,NULL),(1413,NULL,NULL,'2011-07-29-1X7-10','2013-04-06 02:06:02','2013-04-06 02:06:02',NULL,NULL),(1414,NULL,NULL,'2011-07-28-1X4-10','2013-04-06 02:06:02','2013-04-06 02:06:02',NULL,NULL),(1415,NULL,NULL,'2011-07-28-1X7-10','2013-04-06 02:06:02','2013-04-06 02:06:02',NULL,NULL),(1416,NULL,NULL,'2011-07-28-2X1-10','2013-04-06 02:06:02','2013-04-06 02:06:02',NULL,NULL),(1417,NULL,NULL,'2011-07-27-1X2-10','2013-04-06 02:06:02','2013-04-06 02:06:02',NULL,NULL),(1418,NULL,NULL,'2011-07-27-1X4-10','2013-04-06 02:06:02','2013-04-06 02:06:02',NULL,NULL),(1419,NULL,NULL,'2011-07-27-1X7-10','2013-04-06 02:06:02','2013-04-06 02:06:02',NULL,NULL),(1420,NULL,NULL,'2011-07-27-1X9-10','2013-04-06 02:06:02','2013-04-06 02:06:02',NULL,NULL),(1421,NULL,NULL,'2011-07-26-1X2-10','2013-04-06 02:06:02','2013-04-06 02:06:02',NULL,NULL),(1422,NULL,NULL,'2011-07-26-1X4-10','2013-04-06 02:06:02','2013-04-06 02:06:02',NULL,NULL),(1423,NULL,NULL,'2011-07-26-1X7-10','2013-04-06 02:06:02','2013-04-06 02:06:02',NULL,NULL),(1424,NULL,NULL,'2011-07-25-1X2-10','2013-04-06 02:06:02','2013-04-06 02:06:02',NULL,NULL),(1425,NULL,NULL,'2011-07-25-1X4-10','2013-04-06 02:06:02','2013-04-06 02:06:02',NULL,NULL),(1426,NULL,NULL,'2011-07-25-1X7-10','2013-04-06 02:06:02','2013-04-06 02:06:02',NULL,NULL),(1427,NULL,NULL,'2011-07-25-1X9-10','2013-04-06 02:06:02','2013-04-06 02:06:02',NULL,NULL),(1428,NULL,NULL,'2011-07-23-1X4-10','2013-04-06 02:06:02','2013-04-06 02:06:02',NULL,NULL),(1429,NULL,NULL,'2011-07-23-1X7-10','2013-04-06 02:06:02','2013-04-06 02:06:02',NULL,NULL),(1430,NULL,NULL,'2011-07-23-1X9-10','2013-04-06 02:06:02','2013-04-06 02:06:02',NULL,NULL),(1431,NULL,NULL,'2011-07-22-1X2-10','2013-04-06 02:06:02','2013-04-06 02:06:02',NULL,NULL),(1432,NULL,NULL,'2011-07-22-1X7-10','2013-04-06 02:06:02','2013-04-06 02:06:02',NULL,NULL),(1433,NULL,NULL,'2011-07-22-1X9-10','2013-04-06 02:06:02','2013-04-06 02:06:02',NULL,NULL),(1434,NULL,NULL,'2011-07-21-1X4-10','2013-04-06 02:06:02','2013-04-06 02:06:02',NULL,NULL),(1435,NULL,NULL,'2011-07-21-1X7-10','2013-04-06 02:06:02','2013-04-06 02:06:02',NULL,NULL),(1436,NULL,NULL,'2011-07-21-2X95-10','2013-04-06 02:06:02','2013-04-06 02:06:02',NULL,NULL),(1437,NULL,NULL,'2011-07-20-1X7-10','2013-04-06 02:06:02','2013-04-06 02:06:02',NULL,NULL),(1438,NULL,NULL,'2011-07-20-2X1-10','2013-04-06 02:06:02','2013-04-06 02:06:02',NULL,NULL),(1439,NULL,NULL,'2011-07-19-1X7-10','2013-04-06 02:06:02','2013-04-06 02:06:02',NULL,NULL),(1440,NULL,NULL,'2011-07-19-1X9-10','2013-04-06 02:06:02','2013-04-06 02:06:02',NULL,NULL),(1441,NULL,NULL,'2011-07-18-1X7-10','2013-04-06 02:06:02','2013-04-06 02:06:02',NULL,NULL),(1442,NULL,NULL,'2011-07-18-1X9-10','2013-04-06 02:06:02','2013-04-06 02:06:02',NULL,NULL),(1443,NULL,NULL,'2011-07-18-2X1-10','2013-04-06 02:06:02','2013-04-06 02:06:02',NULL,NULL),(1444,NULL,NULL,'2011-07-16-1X4-10','2013-04-06 02:06:02','2013-04-06 02:06:02',NULL,NULL),(1445,NULL,NULL,'2011-07-16-1X7-10','2013-04-06 02:06:02','2013-04-06 02:06:02',NULL,NULL),(1446,NULL,NULL,'2011-07-16-1X9-10','2013-04-06 02:06:02','2013-04-06 02:06:02',NULL,NULL),(1447,NULL,NULL,'2011-07-16-2X1-10','2013-04-06 02:06:02','2013-04-06 02:06:02',NULL,NULL),(1448,NULL,NULL,'2011-07-15-1X2-10','2013-04-06 02:06:02','2013-04-06 02:06:02',NULL,NULL),(1449,NULL,NULL,'2011-07-15-1X4-10','2013-04-06 02:06:02','2013-04-06 02:06:02',NULL,NULL),(1450,NULL,NULL,'2011-07-14-1X2-10','2013-04-06 02:06:02','2013-04-06 02:06:02',NULL,NULL),(1451,NULL,NULL,'2011-07-14-1X9-10','2013-04-06 02:06:02','2013-04-06 02:06:02',NULL,NULL),(1452,NULL,NULL,'2011-07-14-2X1-10','2013-04-06 02:06:02','2013-04-06 02:06:02',NULL,NULL),(1453,NULL,NULL,'2011-07-13-1X2-10','2013-04-06 02:06:02','2013-04-06 02:06:02',NULL,NULL),(1454,NULL,NULL,'2011-07-13-1X4-10','2013-04-06 02:06:02','2013-04-06 02:06:02',NULL,NULL),(1455,NULL,NULL,'2011-07-13-1X7-10','2013-04-06 02:06:02','2013-04-06 02:06:02',NULL,NULL),(1456,NULL,NULL,'2011-07-13-1X9-10','2013-04-06 02:06:02','2013-04-06 02:06:02',NULL,NULL),(1457,NULL,NULL,'2011-07-12-1X4-10','2013-04-06 02:06:02','2013-04-06 02:06:02',NULL,NULL),(1458,NULL,NULL,'2011-07-12-1X9-10','2013-04-06 02:06:02','2013-04-06 02:06:02',NULL,NULL),(1459,NULL,NULL,'2011-07-11-1X4-10','2013-04-06 02:06:02','2013-04-06 02:06:02',NULL,NULL),(1460,NULL,NULL,'2011-07-11-1X7-10','2013-04-06 02:06:02','2013-04-06 02:06:02',NULL,NULL),(1461,NULL,NULL,'2011-07-09-1X2-10','2013-04-06 02:06:02','2013-04-06 02:06:02',NULL,NULL),(1462,NULL,NULL,'2011-07-09-1X4-10','2013-04-06 02:06:02','2013-04-06 02:06:02',NULL,NULL),(1463,NULL,NULL,'2011-07-09-1X9-10','2013-04-06 02:06:02','2013-04-06 02:06:02',NULL,NULL),(1464,NULL,NULL,'2011-07-08-1X2-10','2013-04-06 02:06:02','2013-04-06 02:06:02',NULL,NULL),(1465,NULL,NULL,'2011-07-08-1X4-10','2013-04-06 02:06:02','2013-04-06 02:06:02',NULL,NULL),(1466,NULL,NULL,'2011-07-08-1X7-10','2013-04-06 02:06:02','2013-04-06 02:06:02',NULL,NULL),(1467,NULL,NULL,'2011-07-08-2X1-10','2013-04-06 02:06:02','2013-04-06 02:06:02',NULL,NULL),(1468,NULL,NULL,'2011-07-07-1X7-10','2013-04-06 02:06:02','2013-04-06 02:06:02',NULL,NULL),(1469,NULL,NULL,'2011-07-07-2X1-10','2013-04-06 02:06:02','2013-04-06 02:06:02',NULL,NULL),(1470,NULL,NULL,'2011-07-06-1X2-10','2013-04-06 02:06:02','2013-04-06 02:06:02',NULL,NULL),(1471,NULL,NULL,'2011-07-06-1X4-10','2013-04-06 02:06:02','2013-04-06 02:06:02',NULL,NULL),(1472,NULL,NULL,'2011-07-06-1X7-10','2013-04-06 02:06:02','2013-04-06 02:06:02',NULL,NULL),(1473,NULL,NULL,'2011-07-06-1X9-10','2013-04-06 02:06:02','2013-04-06 02:06:02',NULL,NULL),(1474,NULL,NULL,'2011-07-06-2X1-10','2013-04-06 02:06:02','2013-04-06 02:06:02',NULL,NULL),(1475,NULL,NULL,'2011-07-05-1X4-10','2013-04-06 02:06:02','2013-04-06 02:06:02',NULL,NULL),(1476,NULL,NULL,'2011-07-05-1X7-10','2013-04-06 02:06:02','2013-04-06 02:06:02',NULL,NULL),(1477,NULL,NULL,'2011-07-04-1X4-10','2013-04-06 02:06:02','2013-04-06 02:06:02',NULL,NULL),(1478,NULL,NULL,'2011-07-02-1X2-10','2013-04-06 02:06:02','2013-04-06 02:06:02',NULL,NULL),(1479,NULL,NULL,'2011-07-02-1X4-10','2013-04-06 02:06:02','2013-04-06 02:06:02',NULL,NULL),(1480,NULL,NULL,'2011-07-02-1X7-10','2013-04-06 02:06:02','2013-04-06 02:06:02',NULL,NULL),(1481,NULL,NULL,'2011-07-02-1X9-10','2013-04-06 02:06:02','2013-04-06 02:06:02',NULL,NULL),(1482,NULL,NULL,'2011-07-01-1X7-10','2013-04-06 02:06:02','2013-04-06 02:06:02',NULL,NULL),(1483,NULL,NULL,'2011-07-01-1X9-10','2013-04-06 02:06:02','2013-04-06 02:06:02',NULL,NULL),(1484,NULL,NULL,'2011-06-30-1X4-10','2013-04-06 02:06:02','2013-04-06 02:06:02',NULL,NULL),(1485,NULL,NULL,'2011-06-30-1X9-10','2013-04-06 02:06:02','2013-04-06 02:06:02',NULL,NULL),(1486,NULL,NULL,'2011-06-30-2X95-10','2013-04-06 02:06:02','2013-04-06 02:06:02',NULL,NULL),(1487,NULL,NULL,'2011-06-29-1X2-10','2013-04-06 02:06:02','2013-04-06 02:06:02',NULL,NULL),(1488,NULL,NULL,'2011-06-29-1X35-10','2013-04-06 02:06:02','2013-04-06 02:06:02',NULL,NULL),(1489,NULL,NULL,'2011-06-29-1X4-10','2013-04-06 02:06:02','2013-04-06 02:06:02',NULL,NULL),(1490,NULL,NULL,'2011-06-29-1X7-10','2013-04-06 02:06:02','2013-04-06 02:06:02',NULL,NULL),(1491,NULL,NULL,'2011-06-29-1X9-10','2013-04-06 02:06:02','2013-04-06 02:06:02',NULL,NULL),(1492,NULL,NULL,'2011-06-28-1X2-10','2013-04-06 02:06:02','2013-04-06 02:06:02',NULL,NULL),(1493,NULL,NULL,'2011-06-28-1X4-10','2013-04-06 02:06:02','2013-04-06 02:06:02',NULL,NULL),(1494,NULL,NULL,'2011-06-28-1X7-10','2013-04-06 02:06:02','2013-04-06 02:06:02',NULL,NULL),(1495,NULL,NULL,'2011-06-28-1X9-10','2013-04-06 02:06:02','2013-04-06 02:06:02',NULL,NULL),(1496,NULL,NULL,'2011-06-27-1X2-10','2013-04-06 02:06:02','2013-04-06 02:06:02',NULL,NULL),(1497,NULL,NULL,'2011-06-27-1X4-10','2013-04-06 02:06:02','2013-04-06 02:06:02',NULL,NULL),(1498,NULL,NULL,'2011-06-25-1X2-10','2013-04-06 02:06:02','2013-04-06 02:06:02',NULL,NULL),(1499,NULL,NULL,'2011-06-25-1X4-10','2013-04-06 02:06:02','2013-04-06 02:06:02',NULL,NULL),(1500,NULL,NULL,'2011-06-25-1X7-10','2013-04-06 02:06:02','2013-04-06 02:06:02',NULL,NULL),(1501,NULL,NULL,'2011-06-25-1X9-10','2013-04-06 02:06:02','2013-04-06 02:06:02',NULL,NULL),(1502,NULL,NULL,'2011-06-24-1X4-10','2013-04-06 02:06:02','2013-04-06 02:06:02',NULL,NULL),(1503,NULL,NULL,'2011-06-24-1X6-10','2013-04-06 02:06:02','2013-04-06 02:06:02',NULL,NULL),(1504,NULL,NULL,'2011-06-24-1X7-10','2013-04-06 02:06:02','2013-04-06 02:06:02',NULL,NULL),(1505,NULL,NULL,'2011-06-24-1X9-10','2013-04-06 02:06:02','2013-04-06 02:06:02',NULL,NULL),(1506,NULL,NULL,'2011-06-23-1X4-10','2013-04-06 02:06:02','2013-04-06 02:06:02',NULL,NULL),(1507,NULL,NULL,'2011-06-23-1X7-10','2013-04-06 02:06:02','2013-04-06 02:06:02',NULL,NULL),(1508,NULL,NULL,'2011-06-23-1X9-10','2013-04-06 02:06:02','2013-04-06 02:06:02',NULL,NULL),(1509,NULL,NULL,'2011-06-22-1X7-10','2013-04-06 02:06:02','2013-04-06 02:06:02',NULL,NULL),(1510,NULL,NULL,'2011-06-22-2X1-10','2013-04-06 02:06:02','2013-04-06 02:06:02',NULL,NULL),(1511,NULL,NULL,'2011-06-21-1X2-10','2013-04-06 02:06:02','2013-04-06 02:06:02',NULL,NULL),(1512,NULL,NULL,'2011-06-21-1X7-10','2013-04-06 02:06:02','2013-04-06 02:06:02',NULL,NULL),(1513,NULL,NULL,'2011-06-21-1X9-10','2013-04-06 02:06:02','2013-04-06 02:06:02',NULL,NULL),(1514,NULL,NULL,'2011-06-20-1X2-10','2013-04-06 02:06:02','2013-04-06 02:06:02',NULL,NULL),(1515,NULL,NULL,'2011-06-20-1X4-10','2013-04-06 02:06:02','2013-04-06 02:06:02',NULL,NULL),(1516,NULL,NULL,'2011-06-20-1X9-10','2013-04-06 02:06:02','2013-04-06 02:06:02',NULL,NULL),(1517,NULL,NULL,'2011-06-18-1X4-10','2013-04-06 02:06:02','2013-04-06 02:06:02',NULL,NULL),(1518,NULL,NULL,'2011-06-18-1X7-10','2013-04-06 02:06:02','2013-04-06 02:06:02',NULL,NULL),(1519,NULL,NULL,'2011-06-18-1X9-10','2013-04-06 02:06:02','2013-04-06 02:06:02',NULL,NULL),(1520,NULL,NULL,'2011-06-17-1X2-10','2013-04-06 02:06:02','2013-04-06 02:06:02',NULL,NULL),(1521,NULL,NULL,'2011-06-17-1X4-10','2013-04-06 02:06:02','2013-04-06 02:06:02',NULL,NULL),(1522,NULL,NULL,'2011-06-17-1X7-10','2013-04-06 02:06:02','2013-04-06 02:06:02',NULL,NULL),(1523,NULL,NULL,'2011-06-17-1X9-10','2013-04-06 02:06:02','2013-04-06 02:06:02',NULL,NULL),(1524,NULL,NULL,'2011-06-17-2X1-10','2013-04-06 02:06:02','2013-04-06 02:06:02',NULL,NULL),(1525,NULL,NULL,'2011-06-16-1X2-10','2013-04-06 02:06:02','2013-04-06 02:06:02',NULL,NULL),(1526,NULL,NULL,'2011-06-16-1X4-10','2013-04-06 02:06:02','2013-04-06 02:06:02',NULL,NULL),(1527,NULL,NULL,'2011-06-16-1X9-10','2013-04-06 02:06:02','2013-04-06 02:06:02',NULL,NULL),(1528,NULL,NULL,'2011-06-15-1X7-10','2013-04-06 02:06:02','2013-04-06 02:06:02',NULL,NULL),(1529,NULL,NULL,'2011-06-15-1X9-10','2013-04-06 02:06:02','2013-04-06 02:06:02',NULL,NULL),(1530,NULL,NULL,'2011-06-14-1X9-10','2013-04-06 02:06:02','2013-04-06 02:06:02',NULL,NULL),(1531,NULL,NULL,'2011-06-14-2X95-10','2013-04-06 02:06:02','2013-04-06 02:06:02',NULL,NULL),(1532,NULL,NULL,'2011-06-10-2X1-10','2013-04-06 02:06:02','2013-04-06 02:06:02',NULL,NULL),(1533,NULL,NULL,'2011-06-09-1X4-10','2013-04-06 02:06:02','2013-04-06 02:06:02',NULL,NULL),(1534,NULL,NULL,'2011-06-08-1X4-10','2013-04-06 02:06:02','2013-04-06 02:06:02',NULL,NULL),(1535,NULL,NULL,'2011-06-07-1X4-10','2013-04-06 02:06:02','2013-04-06 02:06:02',NULL,NULL),(1536,NULL,NULL,'2011-06-07-1X7-10','2013-04-06 02:06:02','2013-04-06 02:06:02',NULL,NULL),(1537,NULL,NULL,'2011-06-06-1X2-10','2013-04-06 02:06:02','2013-04-06 02:06:02',NULL,NULL),(1538,NULL,NULL,'2011-06-04-1X4-10','2013-04-06 02:06:02','2013-04-06 02:06:02',NULL,NULL),(1539,NULL,NULL,'2011-06-04-1X7-10','2013-04-06 02:06:02','2013-04-06 02:06:02',NULL,NULL),(1540,NULL,NULL,'2011-06-04-1X9-10','2013-04-06 02:06:02','2013-04-06 02:06:02',NULL,NULL),(1541,NULL,NULL,'2011-06-03-1X4-10','2013-04-06 02:06:02','2013-04-06 02:06:02',NULL,NULL),(1542,NULL,NULL,'2011-06-03-1X7-10','2013-04-06 02:06:02','2013-04-06 02:06:02',NULL,NULL),(1543,NULL,NULL,'2011-06-03-1X9-10','2013-04-06 02:06:02','2013-04-06 02:06:02',NULL,NULL),(1544,NULL,NULL,'2011-06-02-1X4-10','2013-04-06 02:06:02','2013-04-06 02:06:02',NULL,NULL),(1545,NULL,NULL,'2011-06-02-2X95-10','2013-04-06 02:06:02','2013-04-06 02:06:02',NULL,NULL),(1546,NULL,NULL,'2011-06-01-1X2-10','2013-04-06 02:06:02','2013-04-06 02:06:02',NULL,NULL),(1547,NULL,NULL,'2011-06-01-1X4-10','2013-04-06 02:06:02','2013-04-06 02:06:02',NULL,NULL),(1548,NULL,NULL,'2011-06-01-1X9-10','2013-04-06 02:06:02','2013-04-06 02:06:02',NULL,NULL),(1549,NULL,NULL,'2011-05-31-1X6-10','2013-04-06 02:06:02','2013-04-06 02:06:02',NULL,NULL),(1550,NULL,NULL,'2011-05-31-2X95-10','2013-04-06 02:06:02','2013-04-06 02:06:02',NULL,NULL),(1551,NULL,NULL,'2011-05-28-1X4-10','2013-04-06 02:06:02','2013-04-06 02:06:02',NULL,NULL),(1552,NULL,NULL,'2011-05-27-1X2-10','2013-04-06 02:06:02','2013-04-06 02:06:02',NULL,NULL),(1553,NULL,NULL,'2011-05-27-1X7-10','2013-04-06 02:06:02','2013-04-06 02:06:02',NULL,NULL),(1554,NULL,NULL,'2011-05-26-1X35-10','2013-04-06 02:06:02','2013-04-06 02:06:02',NULL,NULL),(1555,NULL,NULL,'2011-05-26-1X4-10','2013-04-06 02:06:02','2013-04-06 02:06:02',NULL,NULL),(1556,NULL,NULL,'2011-05-26-1X6-10','2013-04-06 02:06:02','2013-04-06 02:06:02',NULL,NULL),(1557,NULL,NULL,'2011-05-25-1X2-10','2013-04-06 02:06:02','2013-04-06 02:06:02',NULL,NULL),(1558,NULL,NULL,'2011-05-25-1X4-10','2013-04-06 02:06:02','2013-04-06 02:06:02',NULL,NULL),(1559,NULL,NULL,'2011-05-25-1X9-10','2013-04-06 02:06:02','2013-04-06 02:06:02',NULL,NULL),(1560,NULL,NULL,'2011-05-24-1X7-10','2013-04-06 02:06:02','2013-04-06 02:06:02',NULL,NULL),(1561,NULL,NULL,'2011-05-24-1X9-10','2013-04-06 02:06:02','2013-04-06 02:06:02',NULL,NULL),(1562,NULL,NULL,'2011-05-24-2X1-10','2013-04-06 02:06:02','2013-04-06 02:06:02',NULL,NULL),(1563,NULL,NULL,'2011-05-24-2X9-10','2013-04-06 02:06:02','2013-04-06 02:06:02',NULL,NULL),(1564,NULL,NULL,'2011-05-23-1X7-10','2013-04-06 02:06:02','2013-04-06 02:06:02',NULL,NULL),(1565,NULL,NULL,'2011-05-23-1X9-10','2013-04-06 02:06:02','2013-04-06 02:06:02',NULL,NULL),(1566,NULL,NULL,'2011-05-21-1X2-10','2013-04-06 02:06:02','2013-04-06 02:06:02',NULL,NULL),(1567,NULL,NULL,'2011-05-21-1X4-10','2013-04-06 02:06:02','2013-04-06 02:06:02',NULL,NULL),(1568,NULL,NULL,'2011-05-20-2X1-10','2013-04-06 02:06:02','2013-04-06 02:06:02',NULL,NULL),(1569,NULL,NULL,'2011-05-20-2X95-10','2013-04-06 02:06:02','2013-04-06 02:06:02',NULL,NULL),(1570,NULL,NULL,'2011-05-19-1X2-10','2013-04-06 02:06:02','2013-04-06 02:06:02',NULL,NULL),(1571,NULL,NULL,'2011-05-19-1X4-10','2013-04-06 02:06:02','2013-04-06 02:06:02',NULL,NULL),(1572,NULL,NULL,'2011-05-18-1X2-10','2013-04-06 02:06:02','2013-04-06 02:06:02',NULL,NULL),(1573,NULL,NULL,'2011-05-18-1X35-10','2013-04-06 02:06:02','2013-04-06 02:06:02',NULL,NULL),(1574,NULL,NULL,'2011-05-17-1X4-10','2013-04-06 02:06:02','2013-04-06 02:06:02',NULL,NULL),(1575,NULL,NULL,'2011-05-17-1X6-10','2013-04-06 02:06:02','2013-04-06 02:06:02',NULL,NULL),(1576,NULL,NULL,'2011-05-17-1X7-10','2013-04-06 02:06:02','2013-04-06 02:06:02',NULL,NULL),(1577,NULL,NULL,'2011-05-17-1X9-10','2013-04-06 02:06:02','2013-04-06 02:06:02',NULL,NULL),(1578,NULL,NULL,'2011-05-16-1X2-10','2013-04-06 02:06:02','2013-04-06 02:06:02',NULL,NULL),(1579,NULL,NULL,'2011-05-16-1X4-10','2013-04-06 02:06:02','2013-04-06 02:06:02',NULL,NULL),(1580,NULL,NULL,'2011-05-14-1X2-10','2013-04-06 02:06:02','2013-04-06 02:06:02',NULL,NULL),(1581,NULL,NULL,'2011-05-14-1X7-10','2013-04-06 02:06:02','2013-04-06 02:06:02',NULL,NULL),(1582,NULL,NULL,'2011-05-14-1X9-10','2013-04-06 02:06:02','2013-04-06 02:06:02',NULL,NULL),(1583,NULL,NULL,'2011-05-14-2X9-10','2013-04-06 02:06:02','2013-04-06 02:06:02',NULL,NULL),(1584,NULL,NULL,'2011-05-13-1X35-10','2013-04-06 02:06:02','2013-04-06 02:06:02',NULL,NULL),(1585,NULL,NULL,'2011-05-13-2X9-10','2013-04-06 02:06:02','2013-04-06 02:06:02',NULL,NULL),(1586,NULL,NULL,'2011-05-12-1X35-10','2013-04-06 02:06:02','2013-04-06 02:06:02',NULL,NULL),(1587,NULL,NULL,'2011-05-12-1X6-10','2013-04-06 02:06:02','2013-04-06 02:06:02',NULL,NULL),(1588,NULL,NULL,'2011-05-12-1X9-10','2013-04-06 02:06:02','2013-04-06 02:06:02',NULL,NULL),(1589,NULL,NULL,'2011-05-11-1X35-10','2013-04-06 02:06:02','2013-04-06 02:06:02',NULL,NULL),(1590,NULL,NULL,'2011-05-11-1X4-10','2013-04-06 02:06:02','2013-04-06 02:06:02',NULL,NULL),(1591,NULL,NULL,'2011-05-11-1X9-10','2013-04-06 02:06:02','2013-04-06 02:06:02',NULL,NULL),(1592,NULL,NULL,'2011-05-10-1X2-10','2013-04-06 02:06:02','2013-04-06 02:06:02',NULL,NULL),(1593,NULL,NULL,'2011-05-10-1X7-10','2013-04-06 02:06:02','2013-04-06 02:06:02',NULL,NULL),(1594,NULL,NULL,'2011-05-10-1X9-10','2013-04-06 02:06:02','2013-04-06 02:06:02',NULL,NULL),(1595,NULL,NULL,'2011-05-09-1X7-10','2013-04-06 02:06:02','2013-04-06 02:06:02',NULL,NULL),(1596,NULL,NULL,'2011-05-09-2X1-10','2013-04-06 02:06:02','2013-04-06 02:06:02',NULL,NULL),(1597,NULL,NULL,'2011-05-07-1X4-10','2013-04-06 02:06:02','2013-04-06 02:06:02',NULL,NULL),(1598,NULL,NULL,'2011-05-07-1X7-10','2013-04-06 02:06:02','2013-04-06 02:06:02',NULL,NULL),(1599,NULL,NULL,'2011-05-07-1X9-10','2013-04-06 02:06:02','2013-04-06 02:06:02',NULL,NULL),(1600,NULL,NULL,'2011-05-06-1X4-10','2013-04-06 02:06:02','2013-04-06 02:06:02',NULL,NULL),(1601,NULL,NULL,'2011-05-06-1X7-10','2013-04-06 02:06:02','2013-04-06 02:06:02',NULL,NULL),(1602,NULL,NULL,'2011-05-06-1X9-10','2013-04-06 02:06:02','2013-04-06 02:06:02',NULL,NULL),(1603,NULL,NULL,'2011-05-05-1X2-10','2013-04-06 02:06:02','2013-04-06 02:06:02',NULL,NULL),(1604,NULL,NULL,'2011-05-05-1X4-10','2013-04-06 02:06:02','2013-04-06 02:06:02',NULL,NULL),(1605,NULL,NULL,'2011-05-05-1X9-10','2013-04-06 02:06:02','2013-04-06 02:06:02',NULL,NULL),(1606,NULL,NULL,'2011-05-04-1X2-10','2013-04-06 02:06:02','2013-04-06 02:06:02',NULL,NULL),(1607,NULL,NULL,'2011-05-04-1X4-10','2013-04-06 02:06:02','2013-04-06 02:06:02',NULL,NULL),(1608,NULL,NULL,'2011-05-04-1X6-10','2013-04-06 02:06:02','2013-04-06 02:06:02',NULL,NULL),(1609,NULL,NULL,'2011-05-04-1X7-10','2013-04-06 02:06:02','2013-04-06 02:06:02',NULL,NULL),(1610,NULL,NULL,'2011-05-03-1X4-10','2013-04-06 02:06:02','2013-04-06 02:06:02',NULL,NULL),(1611,NULL,NULL,'2011-05-03-1X7-10','2013-04-06 02:06:02','2013-04-06 02:06:02',NULL,NULL),(1612,NULL,NULL,'2011-05-03-2X1-10','2013-04-06 02:06:02','2013-04-06 02:06:02',NULL,NULL),(1613,NULL,NULL,'2011-04-30-1X2-10','2013-04-06 02:06:02','2013-04-06 02:06:02',NULL,NULL),(1614,NULL,NULL,'2011-04-30-1X9-10','2013-04-06 02:06:02','2013-04-06 02:06:02',NULL,NULL),(1615,NULL,NULL,'2011-04-30-2X1-10','2013-04-06 02:06:02','2013-04-06 02:06:02',NULL,NULL),(1616,NULL,NULL,'2011-04-29-1X2-10','2013-04-06 02:06:02','2013-04-06 02:06:02',NULL,NULL),(1617,NULL,NULL,'2011-04-29-1X9-10','2013-04-06 02:06:02','2013-04-06 02:06:02',NULL,NULL),(1618,NULL,NULL,'2011-04-28-1X7-10','2013-04-06 02:06:02','2013-04-06 02:06:02',NULL,NULL),(1619,NULL,NULL,'2011-04-28-1X9-10','2013-04-06 02:06:02','2013-04-06 02:06:02',NULL,NULL),(1620,NULL,NULL,'2011-04-27-1X2-10','2013-04-06 02:06:03','2013-04-06 02:06:03',NULL,NULL),(1621,NULL,NULL,'2011-04-27-1X7-10','2013-04-06 02:06:03','2013-04-06 02:06:03',NULL,NULL),(1622,NULL,NULL,'2011-04-27-1X9-10','2013-04-06 02:06:03','2013-04-06 02:06:03',NULL,NULL),(1623,NULL,NULL,'2011-04-27-2X2-10','2013-04-06 02:06:03','2013-04-06 02:06:03',NULL,NULL),(1624,NULL,NULL,'2011-04-26-1X2-10','2013-04-06 02:06:03','2013-04-06 02:06:03',NULL,NULL),(1625,NULL,NULL,'2011-04-26-1X7-10','2013-04-06 02:06:03','2013-04-06 02:06:03',NULL,NULL),(1626,NULL,NULL,'2011-04-26-2X1-10','2013-04-06 02:06:03','2013-04-06 02:06:03',NULL,NULL),(1627,NULL,NULL,'2011-04-26-2X95-10','2013-04-06 02:06:03','2013-04-06 02:06:03',NULL,NULL),(1628,NULL,NULL,'2011-04-25-1X2-10','2013-04-06 02:06:03','2013-04-06 02:06:03',NULL,NULL),(1629,NULL,NULL,'2011-04-25-1X4-10','2013-04-06 02:06:03','2013-04-06 02:06:03',NULL,NULL),(1630,NULL,NULL,'2011-04-24-1X4-10','2013-04-06 02:06:03','2013-04-06 02:06:03',NULL,NULL),(1631,NULL,NULL,'2011-04-24-1X6-10','2013-04-06 02:06:03','2013-04-06 02:06:03',NULL,NULL),(1632,NULL,NULL,'2011-04-24-1X9-10','2013-04-06 02:06:03','2013-04-06 02:06:03',NULL,NULL),(1633,NULL,NULL,'2011-04-23-1X2-10','2013-04-06 02:06:03','2013-04-06 02:06:03',NULL,NULL),(1634,NULL,NULL,'2011-04-23-1X4-10','2013-04-06 02:06:03','2013-04-06 02:06:03',NULL,NULL),(1635,NULL,NULL,'2011-04-22-1X2-10','2013-04-06 02:06:03','2013-04-06 02:06:03',NULL,NULL),(1636,NULL,NULL,'2011-04-22-1X7-10','2013-04-06 02:06:03','2013-04-06 02:06:03',NULL,NULL),(1637,NULL,NULL,'2011-04-21-1X2-10','2013-04-06 02:06:03','2013-04-06 02:06:03',NULL,NULL),(1638,NULL,NULL,'2011-04-21-1X4-10','2013-04-06 02:06:03','2013-04-06 02:06:03',NULL,NULL),(1639,NULL,NULL,'2011-04-21-1X7-10','2013-04-06 02:06:03','2013-04-06 02:06:03',NULL,NULL),(1640,NULL,NULL,'2011-04-21-1X9-10','2013-04-06 02:06:03','2013-04-06 02:06:03',NULL,NULL),(1641,NULL,NULL,'2011-04-20-1X2-10','2013-04-06 02:06:03','2013-04-06 02:06:03',NULL,NULL),(1642,NULL,NULL,'2011-04-20-1X7-10','2013-04-06 02:06:03','2013-04-06 02:06:03',NULL,NULL),(1643,NULL,NULL,'2011-04-20-1X9-10','2013-04-06 02:06:03','2013-04-06 02:06:03',NULL,NULL),(1644,NULL,NULL,'2011-04-20-2X1-10','2013-04-06 02:06:03','2013-04-06 02:06:03',NULL,NULL),(1645,NULL,NULL,'2011-04-19-1X2-10','2013-04-06 02:06:03','2013-04-06 02:06:03',NULL,NULL),(1646,NULL,NULL,'2011-04-19-1X4-10','2013-04-06 02:06:03','2013-04-06 02:06:03',NULL,NULL),(1647,NULL,NULL,'2011-04-19-2X1-10','2013-04-06 02:06:03','2013-04-06 02:06:03',NULL,NULL),(1648,NULL,NULL,'2011-04-18-1X7-10','2013-04-06 02:06:03','2013-04-06 02:06:03',NULL,NULL),(1649,NULL,NULL,'2011-04-18-1X9-10','2013-04-06 02:06:03','2013-04-06 02:06:03',NULL,NULL),(1650,NULL,NULL,'2011-04-08-1X2-10','2013-04-06 02:06:03','2013-04-06 02:06:03',NULL,NULL),(1651,NULL,NULL,'2011-04-08-1X7-10','2013-04-06 02:06:03','2013-04-06 02:06:03',NULL,NULL),(1652,NULL,NULL,'2011-04-07-1X2-10','2013-04-06 02:06:03','2013-04-06 02:06:03',NULL,NULL),(1653,NULL,NULL,'2011-04-07-1X9-10','2013-04-06 02:06:03','2013-04-06 02:06:03',NULL,NULL),(1654,NULL,NULL,'2011-04-06-1X2-10','2013-04-06 02:06:03','2013-04-06 02:06:03',NULL,NULL),(1655,NULL,NULL,'2011-04-06-1X4-10','2013-04-06 02:06:03','2013-04-06 02:06:03',NULL,NULL),(1656,NULL,NULL,'2011-04-06-1X9-10','2013-04-06 02:06:03','2013-04-06 02:06:03',NULL,NULL),(1657,NULL,NULL,'2011-04-05-1X4-10','2013-04-06 02:06:03','2013-04-06 02:06:03',NULL,NULL),(1658,NULL,NULL,'2011-04-05-1X7-10','2013-04-06 02:06:03','2013-04-06 02:06:03',NULL,NULL),(1659,NULL,NULL,'2011-04-05-2X1-10','2013-04-06 02:06:03','2013-04-06 02:06:03',NULL,NULL),(1660,NULL,NULL,'2011-04-04-1X2-10','2013-04-06 02:06:03','2013-04-06 02:06:03',NULL,NULL),(1661,NULL,NULL,'2011-04-04-1X4-10','2013-04-06 02:06:03','2013-04-06 02:06:03',NULL,NULL),(1662,NULL,NULL,'2011-04-04-1X7-10','2013-04-06 02:06:03','2013-04-06 02:06:03',NULL,NULL),(1663,NULL,NULL,'2011-04-04-1X9-10','2013-04-06 02:06:03','2013-04-06 02:06:03',NULL,NULL),(1664,NULL,NULL,'2011-04-02-1X2-10','2013-04-06 02:06:03','2013-04-06 02:06:03',NULL,NULL),(1665,NULL,NULL,'2011-04-02-1X4-10','2013-04-06 02:06:03','2013-04-06 02:06:03',NULL,NULL),(1666,NULL,NULL,'2011-04-01-1X2-10','2013-04-06 02:06:03','2013-04-06 02:06:03',NULL,NULL),(1667,NULL,NULL,'2011-04-01-1X7-10','2013-04-06 02:06:03','2013-04-06 02:06:03',NULL,NULL),(1668,NULL,NULL,'2011-03-31-1X2-10','2013-04-06 02:06:03','2013-04-06 02:06:03',NULL,NULL),(1669,NULL,NULL,'2011-03-31-1X7-10','2013-04-06 02:06:03','2013-04-06 02:06:03',NULL,NULL),(1670,NULL,NULL,'2011-03-31-1X9-10','2013-04-06 02:06:03','2013-04-06 02:06:03',NULL,NULL),(1671,NULL,NULL,'2011-03-30-1X4-10','2013-04-06 02:06:03','2013-04-06 02:06:03',NULL,NULL),(1672,NULL,NULL,'2011-03-30-1X7-10','2013-04-06 02:06:03','2013-04-06 02:06:03',NULL,NULL),(1673,NULL,NULL,'2011-03-29-1X2-10','2013-04-06 02:06:03','2013-04-06 02:06:03',NULL,NULL),(1674,NULL,NULL,'2011-03-29-1X4-10','2013-04-06 02:06:03','2013-04-06 02:06:03',NULL,NULL),(1675,NULL,NULL,'2011-03-28-1X2-10','2013-04-06 02:06:03','2013-04-06 02:06:03',NULL,NULL),(1676,NULL,NULL,'2011-03-26-1X2-10','2013-04-06 02:06:03','2013-04-06 02:06:03',NULL,NULL),(1677,NULL,NULL,'2011-03-26-1X6-10','2013-04-06 02:06:03','2013-04-06 02:06:03',NULL,NULL),(1678,NULL,NULL,'2011-03-26-1X7-10','2013-04-06 02:06:03','2013-04-06 02:06:03',NULL,NULL),(1679,NULL,NULL,'2011-03-26-1X9-10','2013-04-06 02:06:03','2013-04-06 02:06:03',NULL,NULL),(1680,NULL,NULL,'2011-03-25-1X2-10','2013-04-06 02:06:03','2013-04-06 02:06:03',NULL,NULL),(1681,NULL,NULL,'2011-03-25-1X4-10','2013-04-06 02:06:03','2013-04-06 02:06:03',NULL,NULL),(1682,NULL,NULL,'2011-03-25-1X6-10','2013-04-06 02:06:03','2013-04-06 02:06:03',NULL,NULL),(1683,NULL,NULL,'2011-03-25-1X9-10','2013-04-06 02:06:03','2013-04-06 02:06:03',NULL,NULL),(1684,NULL,NULL,'2011-03-24-1X4-10','2013-04-06 02:06:03','2013-04-06 02:06:03',NULL,NULL),(1685,NULL,NULL,'2011-03-23-1X4-10','2013-04-06 02:06:03','2013-04-06 02:06:03',NULL,NULL),(1686,NULL,NULL,'2011-03-22-1X4-10','2013-04-06 02:06:03','2013-04-06 02:06:03',NULL,NULL),(1687,NULL,NULL,'2011-03-22-1X7-10','2013-04-06 02:06:03','2013-04-06 02:06:03',NULL,NULL),(1688,NULL,NULL,'2011-03-21-1X2-10','2013-04-06 02:06:03','2013-04-06 02:06:03',NULL,NULL),(1689,NULL,NULL,'2011-03-21-1X7-10','2013-04-06 02:06:03','2013-04-06 02:06:03',NULL,NULL),(1690,NULL,NULL,'2011-03-19-1X4-10','2013-04-06 02:06:03','2013-04-06 02:06:03',NULL,NULL),(1691,NULL,NULL,'2011-03-19-1X7-10','2013-04-06 02:06:03','2013-04-06 02:06:03',NULL,NULL),(1692,NULL,NULL,'2011-03-19-2X1-10','2013-04-06 02:06:03','2013-04-06 02:06:03',NULL,NULL),(1693,NULL,NULL,'2011-03-18-1X4-10','2013-04-06 02:06:03','2013-04-06 02:06:03',NULL,NULL),(1694,NULL,NULL,'2011-03-18-1X7-10','2013-04-06 02:06:03','2013-04-06 02:06:03',NULL,NULL),(1695,NULL,NULL,'2011-03-17-1X7-10','2013-04-06 02:06:03','2013-04-06 02:06:03',NULL,NULL),(1696,NULL,NULL,'2011-03-16-1X2-10','2013-04-06 02:06:03','2013-04-06 02:06:03',NULL,NULL),(1697,NULL,NULL,'2011-03-16-1X7-10','2013-04-06 02:06:03','2013-04-06 02:06:03',NULL,NULL),(1698,NULL,NULL,'2011-03-15-1X2-10','2013-04-06 02:06:03','2013-04-06 02:06:03',NULL,NULL),(1699,NULL,NULL,'2011-03-14-1X2-10','2013-04-06 02:06:03','2013-04-06 02:06:03',NULL,NULL),(1700,NULL,NULL,'2011-03-14-1X4-10','2013-04-06 02:06:03','2013-04-06 02:06:03',NULL,NULL),(1701,NULL,NULL,'2011-03-14-1X9-10','2013-04-06 02:06:03','2013-04-06 02:06:03',NULL,NULL),(1702,NULL,NULL,'2011-03-14-2X15-10','2013-04-06 02:06:03','2013-04-06 02:06:03',NULL,NULL),(1703,NULL,NULL,'2011-03-12-1X4-10','2013-04-06 02:06:03','2013-04-06 02:06:03',NULL,NULL),(1704,NULL,NULL,'2011-03-12-2X1-10','2013-04-06 02:06:03','2013-04-06 02:06:03',NULL,NULL),(1705,NULL,NULL,'2011-03-11-1X7-10','2013-04-06 02:06:03','2013-04-06 02:06:03',NULL,NULL),(1706,NULL,NULL,'2011-03-11-1X9-10','2013-04-06 02:06:03','2013-04-06 02:06:03',NULL,NULL),(1707,NULL,NULL,'2011-03-10-1X2-10','2013-04-06 02:06:03','2013-04-06 02:06:03',NULL,NULL),(1708,NULL,NULL,'2011-03-10-1X4-10','2013-04-06 02:06:03','2013-04-06 02:06:03',NULL,NULL),(1709,NULL,NULL,'2011-03-10-1X9-10','2013-04-06 02:06:03','2013-04-06 02:06:03',NULL,NULL),(1710,NULL,NULL,'2011-03-09-1X2-10','2013-04-06 02:06:03','2013-04-06 02:06:03',NULL,NULL),(1711,NULL,NULL,'2011-03-09-1X7-10','2013-04-06 02:06:03','2013-04-06 02:06:03',NULL,NULL),(1712,NULL,NULL,'2011-03-09-1X9-10','2013-04-06 02:06:03','2013-04-06 02:06:03',NULL,NULL),(1713,NULL,NULL,'2011-03-04-1X4-10','2013-04-06 02:06:03','2013-04-06 02:06:03',NULL,NULL),(1714,NULL,NULL,'2011-03-03-1X4-10','2013-04-06 02:06:03','2013-04-06 02:06:03',NULL,NULL),(1715,NULL,NULL,'2011-03-03-1X7-10','2013-04-06 02:06:03','2013-04-06 02:06:03',NULL,NULL),(1716,NULL,NULL,'2011-03-03-1X9-10','2013-04-06 02:06:03','2013-04-06 02:06:03',NULL,NULL),(1717,NULL,NULL,'2011-03-02-1X7-10','2013-04-06 02:06:03','2013-04-06 02:06:03',NULL,NULL),(1718,NULL,NULL,'2011-03-02-2X15-10','2013-04-06 02:06:03','2013-04-06 02:06:03',NULL,NULL),(1719,NULL,NULL,'2011-03-02-2X95-10','2013-04-06 02:06:03','2013-04-06 02:06:03',NULL,NULL),(1720,NULL,NULL,'2011-03-01-1X2-10','2013-04-06 02:06:03','2013-04-06 02:06:03',NULL,NULL),(1721,NULL,NULL,'2011-03-01-1X4-10','2013-04-06 02:06:03','2013-04-06 02:06:03',NULL,NULL),(1722,NULL,NULL,'2011-03-01-2X15-10','2013-04-06 02:06:03','2013-04-06 02:06:03',NULL,NULL),(1723,NULL,NULL,'2011-02-28-1X2-10','2013-04-06 02:06:03','2013-04-06 02:06:03',NULL,NULL),(1724,NULL,NULL,'2011-02-26-1X2-10','2013-04-06 02:06:03','2013-04-06 02:06:03',NULL,NULL),(1725,NULL,NULL,'2011-02-26-1X7-10','2013-04-06 02:06:03','2013-04-06 02:06:03',NULL,NULL),(1726,NULL,NULL,'2011-02-26-2X95-10','2013-04-06 02:06:03','2013-04-06 02:06:03',NULL,NULL),(1727,NULL,NULL,'2011-02-25-1X7-10','2013-04-06 02:06:03','2013-04-06 02:06:03',NULL,NULL),(1728,NULL,NULL,'2011-02-25-1X9-10','2013-04-06 02:06:03','2013-04-06 02:06:03',NULL,NULL),(1729,NULL,NULL,'2011-02-25-2X95-10','2013-04-06 02:06:03','2013-04-06 02:06:03',NULL,NULL),(1730,NULL,NULL,'2011-02-24-1X7-10','2013-04-06 02:06:03','2013-04-06 02:06:03',NULL,NULL),(1731,NULL,NULL,'2011-02-24-1X9-10','2013-04-06 02:06:03','2013-04-06 02:06:03',NULL,NULL),(1732,NULL,NULL,'2011-02-24-2X15-10','2013-04-06 02:06:03','2013-04-06 02:06:03',NULL,NULL),(1733,NULL,NULL,'2011-02-23-2X1-10','2013-04-06 02:06:03','2013-04-06 02:06:03',NULL,NULL),(1734,NULL,NULL,'2011-02-23-2X15-10','2013-04-06 02:06:03','2013-04-06 02:06:03',NULL,NULL),(1735,NULL,NULL,'2011-02-23-2X2-10','2013-04-06 02:06:03','2013-04-06 02:06:03',NULL,NULL),(1736,NULL,NULL,'2011-02-23-2X95-10','2013-04-06 02:06:03','2013-04-06 02:06:03',NULL,NULL),(1737,NULL,NULL,'2011-02-22-1X2-10','2013-04-06 02:06:03','2013-04-06 02:06:03',NULL,NULL),(1738,NULL,NULL,'2011-02-22-2X1-10','2013-04-06 02:06:03','2013-04-06 02:06:03',NULL,NULL),(1739,NULL,NULL,'2011-02-21-1X2-10','2013-04-06 02:06:03','2013-04-06 02:06:03',NULL,NULL),(1740,NULL,NULL,'2011-02-21-1X9-10','2013-04-06 02:06:03','2013-04-06 02:06:03',NULL,NULL),(1741,NULL,NULL,'2011-02-19-1X2-10','2013-04-06 02:06:03','2013-04-06 02:06:03',NULL,NULL),(1742,NULL,NULL,'2011-02-19-1X4-10','2013-04-06 02:06:03','2013-04-06 02:06:03',NULL,NULL),(1743,NULL,NULL,'2011-02-19-1X7-10','2013-04-06 02:06:03','2013-04-06 02:06:03',NULL,NULL),(1744,NULL,NULL,'2011-02-19-1X9-10','2013-04-06 02:06:03','2013-04-06 02:06:03',NULL,NULL),(1745,NULL,NULL,'2011-02-18-1X2-10','2013-04-06 02:06:03','2013-04-06 02:06:03',NULL,NULL),(1746,NULL,NULL,'2011-02-18-1X7-10','2013-04-06 02:06:03','2013-04-06 02:06:03',NULL,NULL),(1747,NULL,NULL,'2011-02-17-1X4-10','2013-04-06 02:06:03','2013-04-06 02:06:03',NULL,NULL),(1748,NULL,NULL,'2011-02-17-1X7-10','2013-04-06 02:06:03','2013-04-06 02:06:03',NULL,NULL),(1749,NULL,NULL,'2011-02-17-1X9-10','2013-04-06 02:06:03','2013-04-06 02:06:03',NULL,NULL),(1750,NULL,NULL,'2011-02-17-2X2-10','2013-04-06 02:06:03','2013-04-06 02:06:03',NULL,NULL),(1751,NULL,NULL,'2011-02-16-1X4-10','2013-04-06 02:06:03','2013-04-06 02:06:03',NULL,NULL),(1752,NULL,NULL,'2011-02-16-1X9-10','2013-04-06 02:06:03','2013-04-06 02:06:03',NULL,NULL),(1753,NULL,NULL,'2011-02-15-1X2-10','2013-04-06 02:06:03','2013-04-06 02:06:03',NULL,NULL),(1754,NULL,NULL,'2011-02-15-1X4-10','2013-04-06 02:06:03','2013-04-06 02:06:03',NULL,NULL),(1755,NULL,NULL,'2011-02-15-1X9-10','2013-04-06 02:06:03','2013-04-06 02:06:03',NULL,NULL),(1756,NULL,NULL,'2011-02-15-2X2-10','2013-04-06 02:06:03','2013-04-06 02:06:03',NULL,NULL),(1757,NULL,NULL,'2011-02-14-1X2-10','2013-04-06 02:06:03','2013-04-06 02:06:03',NULL,NULL),(1758,NULL,NULL,'2011-02-14-1X4-10','2013-04-06 02:06:03','2013-04-06 02:06:03',NULL,NULL),(1759,NULL,NULL,'2011-02-14-1X9-10','2013-04-06 02:06:03','2013-04-06 02:06:03',NULL,NULL),(1760,NULL,NULL,'2011-02-14-2X1-10','2013-04-06 02:06:03','2013-04-06 02:06:03',NULL,NULL),(1761,NULL,NULL,'2011-02-12-1X2-10','2013-04-06 02:06:03','2013-04-06 02:06:03',NULL,NULL),(1762,NULL,NULL,'2011-02-12-1X9-10','2013-04-06 02:06:03','2013-04-06 02:06:03',NULL,NULL),(1763,NULL,NULL,'2011-02-12-2X45-10','2013-04-06 02:06:03','2013-04-06 02:06:03',NULL,NULL),(1764,NULL,NULL,'2011-02-11-1X2-10','2013-04-06 02:06:03','2013-04-06 02:06:03',NULL,NULL),(1765,NULL,NULL,'2011-02-11-1X7-10','2013-04-06 02:06:03','2013-04-06 02:06:03',NULL,NULL),(1766,NULL,NULL,'2011-02-11-1X9-10','2013-04-06 02:06:03','2013-04-06 02:06:03',NULL,NULL),(1767,NULL,NULL,'2011-02-10-1X4-10','2013-04-06 02:06:03','2013-04-06 02:06:03',NULL,NULL),(1768,NULL,NULL,'2011-02-10-1X7-10','2013-04-06 02:06:03','2013-04-06 02:06:03',NULL,NULL),(1769,NULL,NULL,'2011-02-09-1X4-10','2013-04-06 02:06:03','2013-04-06 02:06:03',NULL,NULL),(1770,NULL,NULL,'2011-02-09-1X7-10','2013-04-06 02:06:03','2013-04-06 02:06:03',NULL,NULL),(1771,NULL,NULL,'2011-02-09-1X95-10','2013-04-06 02:06:03','2013-04-06 02:06:03',NULL,NULL),(1772,NULL,NULL,'2011-02-09-2X1-10','2013-04-06 02:06:03','2013-04-06 02:06:03',NULL,NULL),(1773,NULL,NULL,'2011-02-09-2X15-10','2013-04-06 02:06:03','2013-04-06 02:06:03',NULL,NULL),(1774,NULL,NULL,'2011-02-08-1X2-10','2013-04-06 02:06:03','2013-04-06 02:06:03',NULL,NULL),(1775,NULL,NULL,'2011-02-08-1X4-10','2013-04-06 02:06:03','2013-04-06 02:06:03',NULL,NULL),(1776,NULL,NULL,'2011-02-08-1X7-10','2013-04-06 02:06:03','2013-04-06 02:06:03',NULL,NULL),(1777,NULL,NULL,'2011-02-07-1X2-10','2013-04-06 02:06:03','2013-04-06 02:06:03',NULL,NULL),(1778,NULL,NULL,'2011-02-07-1X4-10','2013-04-06 02:06:03','2013-04-06 02:06:03',NULL,NULL),(1779,NULL,NULL,'2011-02-07-2X15-10','2013-04-06 02:06:03','2013-04-06 02:06:03',NULL,NULL),(1780,NULL,NULL,'2011-02-07-2X2-10','2013-04-06 02:06:03','2013-04-06 02:06:03',NULL,NULL),(1781,NULL,NULL,'2011-02-05-1X4-10','2013-04-06 02:06:03','2013-04-06 02:06:03',NULL,NULL),(1782,NULL,NULL,'2011-02-05-1X7-10','2013-04-06 02:06:03','2013-04-06 02:06:03',NULL,NULL),(1783,NULL,NULL,'2011-02-04-1X2-10','2013-04-06 02:06:03','2013-04-06 02:06:03',NULL,NULL),(1784,NULL,NULL,'2011-02-04-1X4-10','2013-04-06 02:06:03','2013-04-06 02:06:03',NULL,NULL),(1785,NULL,NULL,'2011-02-02-1X2-10','2013-04-06 02:06:03','2013-04-06 02:06:03',NULL,NULL),(1786,NULL,NULL,'2011-02-01-1X2-10','2013-04-06 02:06:03','2013-04-06 02:06:03',NULL,NULL),(1787,NULL,NULL,'2011-02-01-1X4-10','2013-04-06 02:06:03','2013-04-06 02:06:03',NULL,NULL),(1788,NULL,NULL,'2011-01-31-1X4-10','2013-04-06 02:06:03','2013-04-06 02:06:03',NULL,NULL),(1789,NULL,NULL,'2011-01-31-1X7-10','2013-04-06 02:06:03','2013-04-06 02:06:03',NULL,NULL),(1790,NULL,NULL,'2011-01-31-1X9-10','2013-04-06 02:06:03','2013-04-06 02:06:03',NULL,NULL),(1791,NULL,NULL,'2011-01-31-2X2-10','2013-04-06 02:06:03','2013-04-06 02:06:03',NULL,NULL),(1792,NULL,NULL,'2011-01-31-2X95-10','2013-04-06 02:06:03','2013-04-06 02:06:03',NULL,NULL),(1793,NULL,NULL,'2011-01-29-1X4-10','2013-04-06 02:06:03','2013-04-06 02:06:03',NULL,NULL),(1794,NULL,NULL,'2011-01-29-1X7-10','2013-04-06 02:06:03','2013-04-06 02:06:03',NULL,NULL),(1795,NULL,NULL,'2011-01-28-1X2-10','2013-04-06 02:06:03','2013-04-06 02:06:03',NULL,NULL),(1796,NULL,NULL,'2011-01-28-1X4-10','2013-04-06 02:06:03','2013-04-06 02:06:03',NULL,NULL),(1797,NULL,NULL,'2011-01-27-1X9-10','2013-04-06 02:06:03','2013-04-06 02:06:03',NULL,NULL),(1798,NULL,NULL,'2011-01-26-1X7-10','2013-04-06 02:06:03','2013-04-06 02:06:03',NULL,NULL),(1799,NULL,NULL,'2011-01-26-1X9-10','2013-04-06 02:06:03','2013-04-06 02:06:03',NULL,NULL),(1800,NULL,NULL,'2011-01-25-1X7-10','2013-04-06 02:06:03','2013-04-06 02:06:03',NULL,NULL),(1801,NULL,NULL,'2011-01-25-1X9-10','2013-04-06 02:06:03','2013-04-06 02:06:03',NULL,NULL),(1802,NULL,NULL,'2011-01-24-1X7-10','2013-04-06 02:06:03','2013-04-06 02:06:03',NULL,NULL),(1803,NULL,NULL,'2011-01-24-1X9-10','2013-04-06 02:06:03','2013-04-06 02:06:03',NULL,NULL),(1804,NULL,NULL,'2011-01-24-1X95-10','2013-04-06 02:06:03','2013-04-06 02:06:03',NULL,NULL),(1805,NULL,NULL,'2011-01-23-1X4-10','2013-04-06 02:06:03','2013-04-06 02:06:03',NULL,NULL),(1806,NULL,NULL,'2011-01-22-1X2-10','2013-04-06 02:06:03','2013-04-06 02:06:03',NULL,NULL),(1807,NULL,NULL,'2011-01-22-1X4-10','2013-04-06 02:06:03','2013-04-06 02:06:03',NULL,NULL),(1808,NULL,NULL,'2011-01-21-1X2-10','2013-04-06 02:06:03','2013-04-06 02:06:03',NULL,NULL),(1809,NULL,NULL,'2011-01-21-2X2-10','2013-04-06 02:06:03','2013-04-06 02:06:03',NULL,NULL),(1810,NULL,NULL,'2011-01-21-2X95-10','2013-04-06 02:06:03','2013-04-06 02:06:03',NULL,NULL),(1811,NULL,NULL,'2011-01-20-1X7-10','2013-04-06 02:06:03','2013-04-06 02:06:03',NULL,NULL),(1812,NULL,NULL,'2011-01-20-1X9-10','2013-04-06 02:06:03','2013-04-06 02:06:03',NULL,NULL),(1813,NULL,NULL,'2011-01-19-1X4-10','2013-04-06 02:06:03','2013-04-06 02:06:03',NULL,NULL),(1814,NULL,NULL,'2011-01-19-1X9-10','2013-04-06 02:06:03','2013-04-06 02:06:03',NULL,NULL),(1815,NULL,NULL,'2011-01-18-1X4-10','2013-04-06 02:06:03','2013-04-06 02:06:03',NULL,NULL),(1816,NULL,NULL,'2011-01-18-1X7-10','2013-04-06 02:06:03','2013-04-06 02:06:03',NULL,NULL),(1817,NULL,NULL,'2011-01-18-1X9-10','2013-04-06 02:06:03','2013-04-06 02:06:03',NULL,NULL),(1818,NULL,NULL,'2011-01-17-1X4-10','2013-04-06 02:06:03','2013-04-06 02:06:03',NULL,NULL),(1819,NULL,NULL,'2011-01-17-1X7-10','2013-04-06 02:06:03','2013-04-06 02:06:03',NULL,NULL),(1820,NULL,NULL,'2011-01-15-1X7-10','2013-04-06 02:06:03','2013-04-06 02:06:03',NULL,NULL),(1821,NULL,NULL,'2011-01-15-1X9-10','2013-04-06 02:06:03','2013-04-06 02:06:03',NULL,NULL),(1822,NULL,NULL,'2011-01-15-2X2-10','2013-04-06 02:06:03','2013-04-06 02:06:03',NULL,NULL),(1823,NULL,NULL,'2011-01-14-1X4-10','2013-04-06 02:06:03','2013-04-06 02:06:03',NULL,NULL),(1824,NULL,NULL,'2011-01-14-1X7-10','2013-04-06 02:06:03','2013-04-06 02:06:03',NULL,NULL),(1825,NULL,NULL,'2011-01-14-1X9-10','2013-04-06 02:06:03','2013-04-06 02:06:03',NULL,NULL),(1826,NULL,NULL,'2011-01-14-2X2-10','2013-04-06 02:06:03','2013-04-06 02:06:03',NULL,NULL),(1827,NULL,NULL,'2011-01-13-1X4-10','2013-04-06 02:06:03','2013-04-06 02:06:03',NULL,NULL),(1828,NULL,NULL,'2011-01-13-1X7-10','2013-04-06 02:06:03','2013-04-06 02:06:03',NULL,NULL),(1829,NULL,NULL,'2011-01-13-1X9-10','2013-04-06 02:06:03','2013-04-06 02:06:03',NULL,NULL),(1830,NULL,NULL,'2011-01-12-1X2-10','2013-04-06 02:06:03','2013-04-06 02:06:03',NULL,NULL),(1831,NULL,NULL,'2011-01-12-1X4-10','2013-04-06 02:06:03','2013-04-06 02:06:03',NULL,NULL),(1832,NULL,NULL,'2011-01-11-1X2-10','2013-04-06 02:06:03','2013-04-06 02:06:03',NULL,NULL),(1833,NULL,NULL,'2011-01-10-1X4-10','2013-04-06 02:06:03','2013-04-06 02:06:03',NULL,NULL),(1834,NULL,NULL,'2011-01-10-1X9-10','2013-04-06 02:06:03','2013-04-06 02:06:03',NULL,NULL),(1835,NULL,NULL,'2011-01-09-1X4-10','2013-04-06 02:06:03','2013-04-06 02:06:03',NULL,NULL),(1836,NULL,NULL,'2011-01-08-1X2-10','2013-04-06 02:06:03','2013-04-06 02:06:03',NULL,NULL),(1837,NULL,NULL,'2011-01-08-2X2-10','2013-04-06 02:06:03','2013-04-06 02:06:03',NULL,NULL),(1838,NULL,NULL,'2011-01-07-1X2-10','2013-04-06 02:06:03','2013-04-06 02:06:03',NULL,NULL),(1839,NULL,NULL,'2011-01-07-1X7-10','2013-04-06 02:06:03','2013-04-06 02:06:03',NULL,NULL),(1840,NULL,NULL,'2011-01-07-1X9-10','2013-04-06 02:06:03','2013-04-06 02:06:03',NULL,NULL),(1841,NULL,NULL,'2011-01-06-1X4-10','2013-04-06 02:06:03','2013-04-06 02:06:03',NULL,NULL),(1842,NULL,NULL,'2011-01-05-1X4-10','2013-04-06 02:06:03','2013-04-06 02:06:03',NULL,NULL),(1843,NULL,NULL,'2011-01-05-1X7-10','2013-04-06 02:06:03','2013-04-06 02:06:03',NULL,NULL),(1844,NULL,NULL,'2011-01-05-1X9-10','2013-04-06 02:06:03','2013-04-06 02:06:03',NULL,NULL),(1845,NULL,NULL,'2011-01-04-1X7-10','2013-04-06 02:06:03','2013-04-06 02:06:03',NULL,NULL),(1846,NULL,NULL,'2011-01-04-2X15-10','2013-04-06 02:06:03','2013-04-06 02:06:03',NULL,NULL),(1847,NULL,NULL,'2011-01-03-1X7-10','2013-04-06 02:06:03','2013-04-06 02:06:03',NULL,NULL),(1848,NULL,NULL,'2011-01-03-1X9-10','2013-04-06 02:06:03','2013-04-06 02:06:03',NULL,NULL),(1849,NULL,NULL,'2011-01-03-2X15-10','2013-04-06 02:06:03','2013-04-06 02:06:03',NULL,NULL),(1850,NULL,NULL,'2010-12-30-1X2-10','2013-04-06 02:06:03','2013-04-06 02:06:03',NULL,NULL),(1851,NULL,NULL,'2010-12-30-1X7-10','2013-04-06 02:06:03','2013-04-06 02:06:03',NULL,NULL),(1852,NULL,NULL,'2010-12-29-1X7-10','2013-04-06 02:06:03','2013-04-06 02:06:03',NULL,NULL),(1853,NULL,NULL,'2010-12-28-1X2-10','2013-04-06 02:06:03','2013-04-06 02:06:03',NULL,NULL),(1854,NULL,NULL,'2010-12-28-1X7-10','2013-04-06 02:06:03','2013-04-06 02:06:03',NULL,NULL),(1855,NULL,NULL,'2010-12-28-2X15-10','2013-04-06 02:06:03','2013-04-06 02:06:03',NULL,NULL),(1856,NULL,NULL,'2010-12-27-1X7-10','2013-04-06 02:06:03','2013-04-06 02:06:03',NULL,NULL),(1857,NULL,NULL,'2010-12-27-1X9-10','2013-04-06 02:06:03','2013-04-06 02:06:03',NULL,NULL),(1858,NULL,NULL,'2010-12-25-1X2-10','2013-04-06 02:06:03','2013-04-06 02:06:03',NULL,NULL),(1859,NULL,NULL,'2010-12-25-1X4-10','2013-04-06 02:06:03','2013-04-06 02:06:03',NULL,NULL),(1860,NULL,NULL,'2010-12-25-1X7-10','2013-04-06 02:06:03','2013-04-06 02:06:03',NULL,NULL),(1861,NULL,NULL,'2010-12-24-1X2-10','2013-04-06 02:06:03','2013-04-06 02:06:03',NULL,NULL),(1862,NULL,NULL,'2010-12-24-1X4-10','2013-04-06 02:06:03','2013-04-06 02:06:03',NULL,NULL),(1863,NULL,NULL,'2010-12-23-1X4-10','2013-04-06 02:06:03','2013-04-06 02:06:03',NULL,NULL),(1864,NULL,NULL,'2010-12-23-1X7-10','2013-04-06 02:06:03','2013-04-06 02:06:03',NULL,NULL),(1865,NULL,NULL,'2010-12-23-1X9-10','2013-04-06 02:06:03','2013-04-06 02:06:03',NULL,NULL),(1866,NULL,NULL,'2010-12-22-1X2-10','2013-04-06 02:06:03','2013-04-06 02:06:03',NULL,NULL),(1867,NULL,NULL,'2010-12-22-1X7-10','2013-04-06 02:06:03','2013-04-06 02:06:03',NULL,NULL),(1868,NULL,NULL,'2010-12-22-1X9-10','2013-04-06 02:06:03','2013-04-06 02:06:03',NULL,NULL),(1869,NULL,NULL,'2010-12-22-2X2-10','2013-04-06 02:06:03','2013-04-06 02:06:03',NULL,NULL),(1870,NULL,NULL,'2010-12-21-1X4-10','2013-04-06 02:06:03','2013-04-06 02:06:03',NULL,NULL),(1871,NULL,NULL,'2010-12-21-1X7-10','2013-04-06 02:06:03','2013-04-06 02:06:03',NULL,NULL),(1872,NULL,NULL,'2010-12-21-1X9-10','2013-04-06 02:06:03','2013-04-06 02:06:03',NULL,NULL),(1873,NULL,NULL,'2010-12-21-2X2-10','2013-04-06 02:06:03','2013-04-06 02:06:03',NULL,NULL),(1874,NULL,NULL,'2010-12-20-1X7-10','2013-04-06 02:06:03','2013-04-06 02:06:03',NULL,NULL),(1875,NULL,NULL,'2010-12-20-1X9-10','2013-04-06 02:06:03','2013-04-06 02:06:03',NULL,NULL),(1876,NULL,NULL,'2010-12-18-1X4-10','2013-04-06 02:06:03','2013-04-06 02:06:03',NULL,NULL),(1877,NULL,NULL,'2010-12-18-1X7-10','2013-04-06 02:06:03','2013-04-06 02:06:03',NULL,NULL),(1878,NULL,NULL,'2010-12-18-1X9-10','2013-04-06 02:06:03','2013-04-06 02:06:03',NULL,NULL),(1879,NULL,NULL,'2010-12-17-1X2-10','2013-04-06 02:06:03','2013-04-06 02:06:03',NULL,NULL),(1880,NULL,NULL,'2010-12-17-1X4-10','2013-04-06 02:06:03','2013-04-06 02:06:03',NULL,NULL),(1881,NULL,NULL,'2010-12-17-1X9-10','2013-04-06 02:06:03','2013-04-06 02:06:03',NULL,NULL),(1882,NULL,NULL,'2010-12-16-1X7-10','2013-04-06 02:06:03','2013-04-06 02:06:03',NULL,NULL),(1883,NULL,NULL,'2010-12-16-1X9-10','2013-04-06 02:06:03','2013-04-06 02:06:03',NULL,NULL),(1884,NULL,NULL,'2010-12-15-1X4-10','2013-04-06 02:06:03','2013-04-06 02:06:03',NULL,NULL),(1885,NULL,NULL,'2010-12-15-1X7-10','2013-04-06 02:06:03','2013-04-06 02:06:03',NULL,NULL),(1886,NULL,NULL,'2010-12-15-1X9-10','2013-04-06 02:06:03','2013-04-06 02:06:03',NULL,NULL),(1887,NULL,NULL,'2010-12-14-1X7-10','2013-04-06 02:06:03','2013-04-06 02:06:03',NULL,NULL),(1888,NULL,NULL,'2010-12-14-1X9-10','2013-04-06 02:06:03','2013-04-06 02:06:03',NULL,NULL),(1889,NULL,NULL,'2010-12-13-1X7-10','2013-04-06 02:06:03','2013-04-06 02:06:03',NULL,NULL),(1890,NULL,NULL,'2010-12-11-1X7-10','2013-04-06 02:06:03','2013-04-06 02:06:03',NULL,NULL),(1891,NULL,NULL,'2010-12-11-1X9-10','2013-04-06 02:06:03','2013-04-06 02:06:03',NULL,NULL),(1892,NULL,NULL,'2010-12-10-1X2-10','2013-04-06 02:06:03','2013-04-06 02:06:03',NULL,NULL),(1893,NULL,NULL,'2010-12-10-1X4-10','2013-04-06 02:06:03','2013-04-06 02:06:03',NULL,NULL),(1894,NULL,NULL,'2010-12-10-1X9-10','2013-04-06 02:06:03','2013-04-06 02:06:03',NULL,NULL),(1895,NULL,NULL,'2010-12-09-1X2-10','2013-04-06 02:06:03','2013-04-06 02:06:03',NULL,NULL),(1896,NULL,NULL,'2010-12-09-1X4-10','2013-04-06 02:06:03','2013-04-06 02:06:03',NULL,NULL),(1897,NULL,NULL,'2010-12-09-1X9-10','2013-04-06 02:06:03','2013-04-06 02:06:03',NULL,NULL),(1898,NULL,NULL,'2010-12-08-1X2-10','2013-04-06 02:06:03','2013-04-06 02:06:03',NULL,NULL),(1899,NULL,NULL,'2010-12-08-1X4-10','2013-04-06 02:06:04','2013-04-06 02:06:04',NULL,NULL),(1900,NULL,NULL,'2010-12-08-1X7-10','2013-04-06 02:06:04','2013-04-06 02:06:04',NULL,NULL),(1901,NULL,NULL,'2010-12-07-1X2-10','2013-04-06 02:06:04','2013-04-06 02:06:04',NULL,NULL),(1902,NULL,NULL,'2010-12-07-1X4-10','2013-04-06 02:06:04','2013-04-06 02:06:04',NULL,NULL),(1903,NULL,NULL,'2010-12-04-1X2-10','2013-04-06 02:06:04','2013-04-06 02:06:04',NULL,NULL),(1904,NULL,NULL,'2010-12-04-1X4-10','2013-04-06 02:06:04','2013-04-06 02:06:04',NULL,NULL),(1905,NULL,NULL,'2010-12-03-1X2-10','2013-04-06 02:06:04','2013-04-06 02:06:04',NULL,NULL),(1906,NULL,NULL,'2010-12-03-1X4-10','2013-04-06 02:06:04','2013-04-06 02:06:04',NULL,NULL),(1907,NULL,NULL,'2010-12-02-1X2-10','2013-04-06 02:06:04','2013-04-06 02:06:04',NULL,NULL),(1908,NULL,NULL,'2010-12-02-1X4-10','2013-04-06 02:06:04','2013-04-06 02:06:04',NULL,NULL),(1909,NULL,NULL,'2010-12-01-1X2-10','2013-04-06 02:06:04','2013-04-06 02:06:04',NULL,NULL),(1910,NULL,NULL,'2010-12-01-1X4-10','2013-04-06 02:06:04','2013-04-06 02:06:04',NULL,NULL),(1911,NULL,NULL,'2010-11-30-1X4-10','2013-04-06 02:06:04','2013-04-06 02:06:04',NULL,NULL),(1912,NULL,NULL,'2010-11-30-2X45-10','2013-04-06 02:06:04','2013-04-06 02:06:04',NULL,NULL),(1913,NULL,NULL,'2010-11-30-2X65-10','2013-04-06 02:06:04','2013-04-06 02:06:04',NULL,NULL),(1914,NULL,NULL,'2010-11-29-1X7-10','2013-04-06 02:06:04','2013-04-06 02:06:04',NULL,NULL),(1915,NULL,NULL,'2010-11-29-1X9-10','2013-04-06 02:06:04','2013-04-06 02:06:04',NULL,NULL),(1916,NULL,NULL,'2010-11-29-2X2-10','2013-04-06 02:06:04','2013-04-06 02:06:04',NULL,NULL),(1917,NULL,NULL,'2010-11-29-2X45-10','2013-04-06 02:06:04','2013-04-06 02:06:04',NULL,NULL),(1918,NULL,NULL,'2010-11-27-1X2-10','2013-04-06 02:06:04','2013-04-06 02:06:04',NULL,NULL),(1919,NULL,NULL,'2010-11-27-1X4-10','2013-04-06 02:06:04','2013-04-06 02:06:04',NULL,NULL),(1920,NULL,NULL,'2010-11-27-1X7-10','2013-04-06 02:06:04','2013-04-06 02:06:04',NULL,NULL),(1921,NULL,NULL,'2010-11-26-1X2-10','2013-04-06 02:06:04','2013-04-06 02:06:04',NULL,NULL),(1922,NULL,NULL,'2010-11-26-1X7-10','2013-04-06 02:06:04','2013-04-06 02:06:04',NULL,NULL),(1923,NULL,NULL,'2010-11-26-1X9-10','2013-04-06 02:06:04','2013-04-06 02:06:04',NULL,NULL),(1924,NULL,NULL,'2010-11-25-1X4-10','2013-04-06 02:06:04','2013-04-06 02:06:04',NULL,NULL),(1925,NULL,NULL,'2010-11-25-1X7-10','2013-04-06 02:06:04','2013-04-06 02:06:04',NULL,NULL),(1926,NULL,NULL,'2010-11-25-1X9-10','2013-04-06 02:06:04','2013-04-06 02:06:04',NULL,NULL),(1927,NULL,NULL,'2010-11-24-1X4-10','2013-04-06 02:06:04','2013-04-06 02:06:04',NULL,NULL),(1928,NULL,NULL,'2010-11-24-1X7-10','2013-04-06 02:06:04','2013-04-06 02:06:04',NULL,NULL),(1929,NULL,NULL,'2010-11-24-1X9-10','2013-04-06 02:06:04','2013-04-06 02:06:04',NULL,NULL),(1930,NULL,NULL,'2010-11-23-1X2-10','2013-04-06 02:06:04','2013-04-06 02:06:04',NULL,NULL),(1931,NULL,NULL,'2010-11-23-1X7-10','2013-04-06 02:06:04','2013-04-06 02:06:04',NULL,NULL),(1932,NULL,NULL,'2010-11-22-1X2-10','2013-04-06 02:06:04','2013-04-06 02:06:04',NULL,NULL),(1933,NULL,NULL,'2010-11-20-1X2-10','2013-04-06 02:06:04','2013-04-06 02:06:04',NULL,NULL),(1934,NULL,NULL,'2010-11-20-1X4-10','2013-04-06 02:06:04','2013-04-06 02:06:04',NULL,NULL),(1935,NULL,NULL,'2010-11-19-1X4-10','2013-04-06 02:06:04','2013-04-06 02:06:04',NULL,NULL),(1936,NULL,NULL,'2010-11-19-1X7-10','2013-04-06 02:06:04','2013-04-06 02:06:04',NULL,NULL),(1937,NULL,NULL,'2010-11-19-1X9-10','2013-04-06 02:06:04','2013-04-06 02:06:04',NULL,NULL),(1938,NULL,NULL,'2010-11-18-1X2-10','2013-04-06 02:06:04','2013-04-06 02:06:04',NULL,NULL),(1939,NULL,NULL,'2010-11-18-1X4-10','2013-04-06 02:06:04','2013-04-06 02:06:04',NULL,NULL),(1940,NULL,NULL,'2010-11-18-1X9-10','2013-04-06 02:06:04','2013-04-06 02:06:04',NULL,NULL),(1941,NULL,NULL,'2010-11-17-1X2-10','2013-04-06 02:06:04','2013-04-06 02:06:04',NULL,NULL),(1942,NULL,NULL,'2010-11-16-1X9-10','2013-04-06 02:06:04','2013-04-06 02:06:04',NULL,NULL),(1943,NULL,NULL,'2010-11-16-2X2-10','2013-04-06 02:06:04','2013-04-06 02:06:04',NULL,NULL),(1944,NULL,NULL,'2010-11-15-1X2-10','2013-04-06 02:06:04','2013-04-06 02:06:04',NULL,NULL),(1945,NULL,NULL,'2010-11-15-1X9-10','2013-04-06 02:06:04','2013-04-06 02:06:04',NULL,NULL),(1946,NULL,NULL,'2010-11-13-1X9-10','2013-04-06 02:06:04','2013-04-06 02:06:04',NULL,NULL),(1947,NULL,NULL,'2010-11-12-1X4-10','2013-04-06 02:06:04','2013-04-06 02:06:04',NULL,NULL),(1948,NULL,NULL,'2010-11-11-1X2-10','2013-04-06 02:06:04','2013-04-06 02:06:04',NULL,NULL),(1949,NULL,NULL,'2010-11-11-1X4-10','2013-04-06 02:06:04','2013-04-06 02:06:04',NULL,NULL),(1950,NULL,NULL,'2010-11-10-1X2-10','2013-04-06 02:06:04','2013-04-06 02:06:04',NULL,NULL),(1951,NULL,NULL,'2010-11-10-1X7-10','2013-04-06 02:06:04','2013-04-06 02:06:04',NULL,NULL),(1952,NULL,NULL,'2010-11-09-1X7-10','2013-04-06 02:06:04','2013-04-06 02:06:04',NULL,NULL),(1953,NULL,NULL,'2010-11-06-1X2-10','2013-04-06 02:06:04','2013-04-06 02:06:04',NULL,NULL),(1954,NULL,NULL,'2010-11-05-1X2-10','2013-04-06 02:06:04','2013-04-06 02:06:04',NULL,NULL),(1955,NULL,NULL,'2010-11-05-1X4-10','2013-04-06 02:06:04','2013-04-06 02:06:04',NULL,NULL),(1956,NULL,NULL,'2010-11-04-1X4-10','2013-04-06 02:06:04','2013-04-06 02:06:04',NULL,NULL),(1957,NULL,NULL,'2010-11-04-1X7-10','2013-04-06 02:06:04','2013-04-06 02:06:04',NULL,NULL),(1958,NULL,NULL,'2010-11-03-1X7-10','2013-04-06 02:06:04','2013-04-06 02:06:04',NULL,NULL),(1959,NULL,NULL,'2010-11-02-1X7-10','2013-04-06 02:06:04','2013-04-06 02:06:04',NULL,NULL),(1960,NULL,NULL,'2010-11-02-2X2-10','2013-04-06 02:06:04','2013-04-06 02:06:04',NULL,NULL),(1961,NULL,NULL,'2010-11-01-1X4-10','2013-04-06 02:06:04','2013-04-06 02:06:04',NULL,NULL),(1962,NULL,NULL,'2010-11-01-1X7-10','2013-04-06 02:06:04','2013-04-06 02:06:04',NULL,NULL),(1963,NULL,NULL,'2010-11-01-1X9-10','2013-04-06 02:06:04','2013-04-06 02:06:04',NULL,NULL),(1964,NULL,NULL,'2010-10-30-1X2-10','2013-04-06 02:06:04','2013-04-06 02:06:04',NULL,NULL),(1965,NULL,NULL,'2010-10-30-1X4-10','2013-04-06 02:06:04','2013-04-06 02:06:04',NULL,NULL),(1966,NULL,NULL,'2010-10-29-1X2-10','2013-04-06 02:06:04','2013-04-06 02:06:04',NULL,NULL),(1967,NULL,NULL,'2010-10-29-1X7-10','2013-04-06 02:06:04','2013-04-06 02:06:04',NULL,NULL),(1968,NULL,NULL,'2010-10-28-1X7-10','2013-04-06 02:06:04','2013-04-06 02:06:04',NULL,NULL),(1969,NULL,NULL,'2010-10-28-1X9-10','2013-04-06 02:06:04','2013-04-06 02:06:04',NULL,NULL),(1970,NULL,NULL,'2010-10-27-1X4-10','2013-04-06 02:06:04','2013-04-06 02:06:04',NULL,NULL),(1971,NULL,NULL,'2010-10-27-2X2-10','2013-04-06 02:06:04','2013-04-06 02:06:04',NULL,NULL),(1972,NULL,NULL,'2010-10-26-1X35-10','2013-04-06 02:06:04','2013-04-06 02:06:04',NULL,NULL),(1973,NULL,NULL,'2010-10-26-1X4-10','2013-04-06 02:06:04','2013-04-06 02:06:04',NULL,NULL),(1974,NULL,NULL,'2010-10-26-1X7-10','2013-04-06 02:06:04','2013-04-06 02:06:04',NULL,NULL),(1975,NULL,NULL,'2010-10-25-1X2-10','2013-04-06 02:06:04','2013-04-06 02:06:04',NULL,NULL),(1976,NULL,NULL,'2010-10-22-1X7-10','2013-04-06 02:06:04','2013-04-06 02:06:04',NULL,NULL),(1977,NULL,NULL,'2010-10-20-2X2-10','2013-04-06 02:06:04','2013-04-06 02:06:04',NULL,NULL),(1978,NULL,NULL,'2010-10-15-1X7-10','2013-04-06 02:06:04','2013-04-06 02:06:04',NULL,NULL),(1979,NULL,NULL,'2010-10-14-1X7-10','2013-04-06 02:06:04','2013-04-06 02:06:04',NULL,NULL),(1980,NULL,NULL,'2010-10-14-2X2-10','2013-04-06 02:06:04','2013-04-06 02:06:04',NULL,NULL),(1981,NULL,NULL,'2010-10-13-1X2-10','2013-04-06 02:06:04','2013-04-06 02:06:04',NULL,NULL),(1982,NULL,NULL,'2010-10-13-1X7-10','2013-04-06 02:06:04','2013-04-06 02:06:04',NULL,NULL),(1983,NULL,NULL,'2010-10-12-1X4-10','2013-04-06 02:06:04','2013-04-06 02:06:04',NULL,NULL),(1984,NULL,NULL,'2010-10-12-1X7-10','2013-04-06 02:06:04','2013-04-06 02:06:04',NULL,NULL),(1985,NULL,NULL,'2010-10-12-1X9-10','2013-04-06 02:06:04','2013-04-06 02:06:04',NULL,NULL),(1986,NULL,NULL,'2010-10-11-1X7-10','2013-04-06 02:06:04','2013-04-06 02:06:04',NULL,NULL),(1987,NULL,NULL,'2010-10-11-1X9-10','2013-04-06 02:06:04','2013-04-06 02:06:04',NULL,NULL),(1988,NULL,NULL,'2010-10-11-2X2-10','2013-04-06 02:06:04','2013-04-06 02:06:04',NULL,NULL),(1989,NULL,NULL,'2010-10-09-1X2-10','2013-04-06 02:06:04','2013-04-06 02:06:04',NULL,NULL),(1990,NULL,NULL,'2010-10-09-1X35-10','2013-04-06 02:06:04','2013-04-06 02:06:04',NULL,NULL),(1991,NULL,NULL,'2010-10-09-1X7-10','2013-04-06 02:06:04','2013-04-06 02:06:04',NULL,NULL),(1992,NULL,NULL,'2010-10-08-1X7-10','2013-04-06 02:06:04','2013-04-06 02:06:04',NULL,NULL),(1993,NULL,NULL,'2010-10-08-1X9-10','2013-04-06 02:06:04','2013-04-06 02:06:04',NULL,NULL),(1994,NULL,NULL,'2010-10-07-1X4-10','2013-04-06 02:06:04','2013-04-06 02:06:04',NULL,NULL),(1995,NULL,NULL,'2010-10-07-1X7-10','2013-04-06 02:06:04','2013-04-06 02:06:04',NULL,NULL),(1996,NULL,NULL,'2010-10-07-1X9-10','2013-04-06 02:06:04','2013-04-06 02:06:04',NULL,NULL),(1997,NULL,NULL,'2010-10-06-1X2-10','2013-04-06 02:06:04','2013-04-06 02:06:04',NULL,NULL),(1998,NULL,NULL,'2010-10-06-1X4-10','2013-04-06 02:06:04','2013-04-06 02:06:04',NULL,NULL),(1999,NULL,NULL,'2010-10-06-1X7-10','2013-04-06 02:06:04','2013-04-06 02:06:04',NULL,NULL),(2000,NULL,NULL,'2010-10-05-1X2-10','2013-04-06 02:06:04','2013-04-06 02:06:04',NULL,NULL),(2001,NULL,NULL,'2010-10-05-1X7-10','2013-04-06 02:06:04','2013-04-06 02:06:04',NULL,NULL),(2002,NULL,NULL,'2010-10-05-2X2-10','2013-04-06 02:06:04','2013-04-06 02:06:04',NULL,NULL),(2003,NULL,NULL,'2010-10-05-2X45-10','2013-04-06 02:06:04','2013-04-06 02:06:04',NULL,NULL),(2004,NULL,NULL,'2010-10-04-1X4-10','2013-04-06 02:06:04','2013-04-06 02:06:04',NULL,NULL),(2005,NULL,NULL,'2010-10-04-1X7-10','2013-04-06 02:06:04','2013-04-06 02:06:04',NULL,NULL),(2006,NULL,NULL,'2010-10-04-1X9-10','2013-04-06 02:06:04','2013-04-06 02:06:04',NULL,NULL),(2007,NULL,NULL,'2010-10-02-1X4-10','2013-04-06 02:06:04','2013-04-06 02:06:04',NULL,NULL),(2008,NULL,NULL,'2010-09-30-1X7-10','2013-04-06 02:06:04','2013-04-06 02:06:04',NULL,NULL),(2009,NULL,NULL,'2010-09-30-1X9-10','2013-04-06 02:06:04','2013-04-06 02:06:04',NULL,NULL),(2010,NULL,NULL,'2010-09-29-1X2-10','2013-04-06 02:06:04','2013-04-06 02:06:04',NULL,NULL),(2011,NULL,NULL,'2010-09-28-1X7-10','2013-04-06 02:06:04','2013-04-06 02:06:04',NULL,NULL),(2012,NULL,NULL,'2010-09-28-2X45-10','2013-04-06 02:06:04','2013-04-06 02:06:04',NULL,NULL),(2013,NULL,NULL,'2010-09-25-2X45-10','2013-04-06 02:06:04','2013-04-06 02:06:04',NULL,NULL),(2014,NULL,NULL,'2010-09-22-1X7-10','2013-04-06 02:06:04','2013-04-06 02:06:04',NULL,NULL),(2015,NULL,NULL,'2010-09-22-1X9-10','2013-04-06 02:06:04','2013-04-06 02:06:04',NULL,NULL),(2016,NULL,NULL,'2010-09-18-1X4-10','2013-04-06 02:06:04','2013-04-06 02:06:04',NULL,NULL),(2017,NULL,NULL,'2010-09-18-1X7-10','2013-04-06 02:06:04','2013-04-06 02:06:04',NULL,NULL),(2018,NULL,NULL,'2010-09-17-1X35-10','2013-04-06 02:06:04','2013-04-06 02:06:04',NULL,NULL),(2019,NULL,NULL,'2010-09-17-1X7-10','2013-04-06 02:06:04','2013-04-06 02:06:04',NULL,NULL),(2020,NULL,NULL,'2010-09-16-1X2-10','2013-04-06 02:06:04','2013-04-06 02:06:04',NULL,NULL),(2021,NULL,NULL,'2010-09-15-1X7-10','2013-04-06 02:06:04','2013-04-06 02:06:04',NULL,NULL),(2022,NULL,NULL,'2010-09-15-1X9-10','2013-04-06 02:06:04','2013-04-06 02:06:04',NULL,NULL),(2023,NULL,NULL,'2010-09-14-1X9-10','2013-04-06 02:06:04','2013-04-06 02:06:04',NULL,NULL),(2024,NULL,NULL,'2010-09-13-1X2-10','2013-04-06 02:06:04','2013-04-06 02:06:04',NULL,NULL),(2025,NULL,NULL,'2010-09-13-1X4-10','2013-04-06 02:06:04','2013-04-06 02:06:04',NULL,NULL),(2026,NULL,NULL,'2010-09-11-1X4-10','2013-04-06 02:06:04','2013-04-06 02:06:04',NULL,NULL),(2027,NULL,NULL,'2010-09-10-1X2-10','2013-04-06 02:06:04','2013-04-06 02:06:04',NULL,NULL),(2028,NULL,NULL,'2010-09-10-1X7-10','2013-04-06 02:06:04','2013-04-06 02:06:04',NULL,NULL),(2029,NULL,NULL,'2010-09-09-1X7-10','2013-04-06 02:06:04','2013-04-06 02:06:04',NULL,NULL),(2030,NULL,NULL,'2010-09-08-1X2-10','2013-04-06 02:06:04','2013-04-06 02:06:04',NULL,NULL),(2031,NULL,NULL,'2010-09-08-1X4-10','2013-04-06 02:06:04','2013-04-06 02:06:04',NULL,NULL),(2032,NULL,NULL,'2010-09-08-1X7-10','2013-04-06 02:06:04','2013-04-06 02:06:04',NULL,NULL),(2033,NULL,NULL,'2010-09-07-1X4-10','2013-04-06 02:06:04','2013-04-06 02:06:04',NULL,NULL),(2034,NULL,NULL,'2010-09-07-1X9-10','2013-04-06 02:06:04','2013-04-06 02:06:04',NULL,NULL),(2035,NULL,NULL,'2010-09-07-2X2-10','2013-04-06 02:06:04','2013-04-06 02:06:04',NULL,NULL),(2036,NULL,NULL,'2010-09-06-1X9-10','2013-04-06 02:06:04','2013-04-06 02:06:04',NULL,NULL),(2037,NULL,NULL,'2010-09-06-2X2-10','2013-04-06 02:06:04','2013-04-06 02:06:04',NULL,NULL),(2038,NULL,NULL,'2010-09-06-2X65-10','2013-04-06 02:06:04','2013-04-06 02:06:04',NULL,NULL),(2039,NULL,NULL,'2010-09-03-1X2-10','2013-04-06 02:06:04','2013-04-06 02:06:04',NULL,NULL),(2040,NULL,NULL,'2010-09-03-1X4-10','2013-04-06 02:06:04','2013-04-06 02:06:04',NULL,NULL),(2041,240,'2','05-04-2013-i29X5-4','2013-04-06 02:15:48','2013-04-06 03:29:31',NULL,NULL),(2042,150,'5','05-04-2013-J9X3-5','2013-04-06 02:15:48','2013-04-06 03:31:13',NULL,NULL),(2043,180,'3','06-04-2013-J2X4-2','2013-04-08 02:34:55','2013-04-08 02:40:56',NULL,NULL),(2044,540,'3','06-04-2013-J20X1-2','2013-04-08 02:34:55','2013-04-08 02:40:56',NULL,NULL),(2045,480,'1','06-04-2013-J11X4-3','2013-04-08 02:34:55','2013-04-08 02:40:31',NULL,NULL),(2046,480,'5','06-04-2013-J9X3-5','2013-04-08 02:34:55','2013-04-08 02:40:31',NULL,NULL),(2047,350,'8','06-04-2013-i58X2-6','2013-04-08 02:34:55','2013-04-08 03:42:20',NULL,NULL),(2048,370,'8','06-04-2013-J21X1-6','2013-04-08 02:34:55','2013-04-08 03:45:16',NULL,NULL),(2049,45,'7','06-04-2013-i47X3-7','2013-04-08 02:34:55','2013-04-08 06:41:36',NULL,NULL),(2050,675,'7','06-04-2013-i57X3-7','2013-04-08 02:34:55','2013-04-08 06:41:36',NULL,NULL),(2051,405,'3','08-04-2013-J19X1-2','2013-04-09 02:58:57','2013-04-09 06:24:11',NULL,NULL),(2052,315,'3','08-04-2013-J2X4-2','2013-04-09 02:58:57','2013-04-09 06:24:11',NULL,NULL),(2053,525,'1','08-04-2013-J10X3-3','2013-04-09 02:58:57','2013-04-09 04:01:37',NULL,NULL),(2054,195,'1','08-04-2013-J11X4-3','2013-04-09 02:58:57','2013-04-09 03:56:25',NULL,NULL),(2055,720,'5','08-04-2013-J9X3-5','2013-04-09 02:58:57','2013-04-09 06:24:11',NULL,NULL),(2056,230,'8','08-04-2013-i58X2-6','2013-04-09 02:58:57','2013-04-09 06:24:11',NULL,NULL),(2057,540,'8','08-04-2013-J21X1-6','2013-04-09 02:58:57','2013-04-09 06:24:11',NULL,NULL),(2058,360,'7','08-04-2013-i47X3-7','2013-04-09 02:58:57','2013-04-09 06:24:11',NULL,NULL),(2059,60,'7','08-04-2013-i57X3-7','2013-04-09 02:58:57','2013-04-09 06:24:11',NULL,NULL),(2060,300,'7','08-04-2013-J14X1-7','2013-04-09 02:58:57','2013-04-09 06:24:11',NULL,NULL),(2061,NULL,'1','02-04-2013-J2X4-2','2013-04-09 03:36:44','2013-04-09 03:45:59',NULL,NULL),(2062,NULL,NULL,'09-04-2013-i58X2-1','2013-04-10 02:35:46','2013-04-10 02:35:46',NULL,NULL),(2063,140,'3','09-04-2013-J2X4-2','2013-04-10 02:35:46','2013-04-10 03:18:57',NULL,NULL),(2064,160,'1','09-04-2013-J22X1-3','2013-04-10 02:35:46','2013-04-10 03:10:18',NULL,NULL),(2065,480,'2','09-04-2013-i29X5-4','2013-04-10 02:35:46','2013-04-10 03:27:46',NULL,NULL),(2066,NULL,'2','09-04-2013-i51X4-4','2013-04-10 02:35:46','2013-04-10 03:35:56',NULL,NULL),(2067,180,'8','09-04-2013-J21X1-6','2013-04-10 02:35:46','2013-04-10 03:39:17',NULL,NULL),(2068,485,'8','09-04-2013-i53X3-6','2013-04-10 02:35:46','2013-04-10 03:41:05',NULL,NULL),(2069,480,'7','09-04-2013-J14X1-7','2013-04-10 02:35:46','2013-04-10 03:42:34',NULL,NULL),(2070,340,'3','09-04-2013-J19X1-2','2013-04-10 02:44:20','2013-04-10 03:16:24',NULL,NULL),(2071,560,'1','09-04-2013-J10X3-3','2013-04-10 02:44:20','2013-04-10 03:23:09',NULL,NULL),(2072,175,'5','09-04-2013-i55X2-5','2013-04-10 02:44:20','2013-04-10 08:03:02',NULL,NULL),(2073,485,'5','09-04-2013-J9X3-5','2013-04-10 02:44:20','2013-04-10 08:02:46',NULL,NULL),(2074,55,'8','09-04-2013-i58X2-6','2013-04-10 02:44:20','2013-04-10 03:41:29',NULL,NULL),(2075,360,'3','10-04-2013-J19X1-2','2013-04-17 02:23:36','2013-04-17 04:22:55',NULL,NULL),(2076,360,'1','10-04-2013-J22X1-3','2013-04-17 02:23:36','2013-04-17 02:38:02',NULL,NULL),(2077,360,'2','10-04-2013-i51X4-4','2013-04-17 02:23:36','2013-04-17 04:24:01',NULL,NULL),(2078,360,'5','10-04-2013-i55X2-5','2013-04-17 02:23:36','2013-04-17 02:44:50',NULL,NULL),(2079,360,'8','10-04-2013-i58X2-6','2013-04-17 02:23:36','2013-04-17 02:47:31',NULL,NULL),(2080,60,'7','10-04-2013-J14X1-7','2013-04-17 02:23:36','2013-04-17 02:49:44',NULL,NULL),(2081,180,'7','10-04-2013-i20X4-7','2013-04-17 02:23:36','2013-04-17 02:53:18',NULL,NULL),(2082,360,'4','17-04-2013-J19X1-2','2013-04-18 02:23:20','2013-04-18 02:42:56',NULL,NULL),(2083,120,'4','17-04-2013-J2X4-2','2013-04-18 02:23:20','2013-04-18 02:44:58',NULL,NULL),(2084,455,'1','17-04-2013-J11X4-3','2013-04-18 02:23:20','2013-04-18 06:19:24',NULL,NULL),(2085,265,'1','17-04-2013-J22X1-3','2013-04-18 02:23:20','2013-04-18 02:50:52',NULL,NULL),(2086,480,'2','17-04-2013-J23X1-4','2013-04-18 02:23:20','2013-04-18 02:57:24',NULL,NULL),(2087,480,'6','17-04-2013-i58X2-6','2013-04-18 02:23:20','2013-04-18 07:28:57',NULL,32),(2088,480,'7','17-04-2013-i16X1-7','2013-04-18 02:23:20','2013-04-18 07:28:57',NULL,36);
/*!40000 ALTER TABLE `productions` ENABLE KEYS */;
UNLOCK TABLES;

--
-- Table structure for table `schema_migrations`
--

DROP TABLE IF EXISTS `schema_migrations`;
/*!40101 SET @saved_cs_client     = @@character_set_client */;
/*!40101 SET character_set_client = utf8 */;
CREATE TABLE `schema_migrations` (
  `version` varchar(255) COLLATE utf8_unicode_ci NOT NULL,
  UNIQUE KEY `unique_schema_migrations` (`version`)
) ENGINE=InnoDB DEFAULT CHARSET=utf8 COLLATE=utf8_unicode_ci;
/*!40101 SET character_set_client = @saved_cs_client */;

--
-- Dumping data for table `schema_migrations`
--

LOCK TABLES `schema_migrations` WRITE;
/*!40000 ALTER TABLE `schema_migrations` DISABLE KEYS */;
INSERT INTO `schema_migrations` VALUES ('20130315083443'),('20130319035836'),('20130322041234'),('20130326025748'),('20130327090455'),('20130327090805'),('20130327092230'),('20130327092354'),('20130327093429'),('20130329094840'),('20130404040226'),('20130404083048');
/*!40000 ALTER TABLE `schema_migrations` ENABLE KEYS */;
UNLOCK TABLES;

--
-- Table structure for table `staffs`
--

DROP TABLE IF EXISTS `staffs`;
/*!40101 SET @saved_cs_client     = @@character_set_client */;
/*!40101 SET character_set_client = utf8 */;
CREATE TABLE `staffs` (
  `id` int(11) NOT NULL AUTO_INCREMENT,
  `name` varchar(255) COLLATE utf8_unicode_ci DEFAULT NULL,
  `position` varchar(255) COLLATE utf8_unicode_ci DEFAULT NULL,
  `created_at` datetime NOT NULL,
  `updated_at` datetime NOT NULL,
  PRIMARY KEY (`id`)
) ENGINE=InnoDB AUTO_INCREMENT=9 DEFAULT CHARSET=utf8 COLLATE=utf8_unicode_ci;
/*!40101 SET character_set_client = @saved_cs_client */;

--
-- Dumping data for table `staffs`
--

LOCK TABLES `staffs` WRITE;
/*!40000 ALTER TABLE `staffs` DISABLE KEYS */;
INSERT INTO `staffs` VALUES (1,'กรุง','','2013-03-29 09:49:36','2013-03-29 09:49:36'),(2,'ชาญณรงค์','','2013-03-29 09:50:03','2013-03-29 09:50:03'),(3,'จรูญ','','2013-03-29 09:50:14','2013-03-29 09:50:14'),(4,'ธีรวุฒิ','','2013-03-29 09:50:26','2013-03-29 09:50:26'),(5,'ชาตรี','','2013-03-29 09:50:36','2013-03-29 09:50:36'),(6,'สนอง','','2013-03-29 09:51:02','2013-03-29 09:51:02'),(7,'สำเริง','','2013-03-29 09:51:14','2013-03-29 09:51:14'),(8,'ชายแดน','','2013-03-29 09:51:30','2013-03-29 09:51:30');
/*!40000 ALTER TABLE `staffs` ENABLE KEYS */;
UNLOCK TABLES;
/*!40103 SET TIME_ZONE=@OLD_TIME_ZONE */;

/*!40101 SET SQL_MODE=@OLD_SQL_MODE */;
/*!40014 SET FOREIGN_KEY_CHECKS=@OLD_FOREIGN_KEY_CHECKS */;
/*!40014 SET UNIQUE_CHECKS=@OLD_UNIQUE_CHECKS */;
/*!40101 SET CHARACTER_SET_CLIENT=@OLD_CHARACTER_SET_CLIENT */;
/*!40101 SET CHARACTER_SET_RESULTS=@OLD_CHARACTER_SET_RESULTS */;
/*!40101 SET COLLATION_CONNECTION=@OLD_COLLATION_CONNECTION */;
/*!40111 SET SQL_NOTES=@OLD_SQL_NOTES */;

-- Dump completed on 2013-04-18 15:15:55
